Month,Coal Consumption,Natural Gas Consumption (Excluding Supplemental Gaseous Fuels),Petroleum Consumption (Excluding Biofuels),Total Fossil Fuels Consumption,Nuclear Electric Power Consumption,Hydroelectric Power Consumption,Geothermal Energy Consumption,Solar Energy Consumption,Wind Energy Consumption,Biomass Energy Consumption,Total Renewable Energy Consumption,Total Primary Energy Consumption
1973 January,1.166191,2.397308,3.187661,6.750044,0.068103,0.272703,0.001491,Not Available,Not Available,0.129787,0.403981,7.226265
1973 February,1.050588,2.170646,2.944328,6.165438,0.064634,0.242199,0.001363,Not Available,Not Available,0.117338,0.3609,6.594709
1973 March,1.046856,2.057315,2.945244,6.047406,0.072494,0.26881,0.001412,Not Available,Not Available,0.129938,0.400161,6.524198
1973 April,0.998979,1.873535,2.623922,5.495792,0.06407,0.253185,0.001649,Not Available,Not Available,0.125636,0.38047,5.944336
1973 May,1.014502,1.765309,2.839178,5.616162,0.062111,0.26077,0.001537,Not Available,Not Available,0.129834,0.392141,6.074551
1973 June,1.050077,1.566214,2.73407,5.350114,0.073968,0.249859,0.001763,Not Available,Not Available,0.125611,0.377232,5.805318
1973 July,1.110438,1.590718,2.807129,5.507145,0.07589,0.23567,0.001869,Not Available,Not Available,0.129787,0.367325,5.954498
1973 August,1.135679,1.615222,3.002149,5.751587,0.084883,0.222077,0.001762,Not Available,Not Available,0.129918,0.353757,6.194365
1973 September,1.057732,1.559067,2.763705,5.379314,0.085724,0.179733,0.001492,Not Available,Not Available,0.125782,0.307006,5.776048
1973 October,1.083177,1.743868,2.939112,5.767893,0.081971,0.191723,0.00176,Not Available,Not Available,0.12997,0.323453,6.177455
1973 November,1.08859,1.945005,3.056472,6.091283,0.088773,0.210285,0.001889,Not Available,Not Available,0.125643,0.337817,6.521876
1973 December,1.16868,2.227822,2.994463,6.391312,0.087557,0.274435,0.002435,Not Available,Not Available,0.129824,0.406694,6.889701
1974 January,1.145845,2.28352,2.947573,6.380707,0.084855,0.304506,0.002154,Not Available,Not Available,0.130807,0.437467,6.906707
1974 February,1.036439,2.103296,2.680411,5.823097,0.090577,0.27995,0.001901,Not Available,Not Available,0.118091,0.399942,6.316938
1974 March,1.050801,2.051072,2.74319,5.848733,0.097966,0.290582,0.002165,Not Available,Not Available,0.130727,0.423474,6.373851
1974 April,0.994963,1.731584,2.627335,5.358297,0.079566,0.293702,0.002039,Not Available,Not Available,0.126583,0.422323,5.863745
1974 May,1.029181,1.646592,2.681635,5.362567,0.073242,0.294828,0.00204,Not Available,Not Available,0.130789,0.427657,5.867145
1974 June,1.014433,1.473536,2.661555,5.152896,0.079015,0.280695,0.001975,Not Available,Not Available,0.126611,0.409281,5.644753
1974 July,1.110438,1.550336,2.796344,5.460689,0.113953,0.276772,0.002191,Not Available,Not Available,0.130756,0.409719,5.988038
1974 August,1.112559,1.54624,2.828187,5.49083,0.137654,0.253175,0.002163,Not Available,Not Available,0.130763,0.386101,6.018263
1974 September,1.005508,1.573888,2.647546,5.233464,0.12288,0.225274,0.001999,Not Available,Not Available,0.126637,0.35391,5.713814
1974 October,1.051737,1.746944,2.908574,5.716331,0.121248,0.210955,0.00203,Not Available,Not Available,0.130718,0.343703,6.18496
1974 November,1.022021,1.870848,2.862716,5.760445,0.122819,0.222713,0.002414,Not Available,Not Available,0.126506,0.351633,6.238457
1974 December,1.088954,2.154496,3.068595,6.31693,0.148309,0.243428,0.00254,Not Available,Not Available,0.130674,0.376642,6.84556
1975 January,1.131658,2.295208,3.07559,6.510963,0.153503,0.263371,0.002117,Not Available,Not Available,0.127269,0.392756,7.059014
1975 February,1.038817,1.979719,2.634743,5.661413,0.140232,0.251317,0.002019,Not Available,Not Available,0.114942,0.368278,6.171542
1975 March,1.072008,1.942963,2.779557,5.797083,0.163893,0.293961,0.002277,Not Available,Not Available,0.127251,0.42349,6.386257
1975 April,0.996432,1.608075,2.642437,5.24677,0.146773,0.279947,0.002281,Not Available,Not Available,0.123139,0.405368,5.800645
1975 May,0.976643,1.358951,2.581653,4.919802,0.15158,0.291504,0.002475,Not Available,Not Available,0.127303,0.421283,5.494457
1975 June,1.021948,1.283397,2.580728,4.884411,0.140348,0.28531,0.00307,Not Available,Not Available,0.123241,0.411622,5.438115
1975 July,1.081702,1.340573,2.681157,5.102315,0.169294,0.268081,0.003091,Not Available,Not Available,0.127288,0.398459,5.671861
1975 August,1.116476,1.397749,2.689943,5.202308,0.174883,0.237557,0.003351,Not Available,Not Available,0.127321,0.36823,5.747213
1975 September,1.00335,1.39877,2.599639,4.999057,0.158543,0.215793,0.002954,Not Available,Not Available,0.12321,0.341957,5.501291
1975 October,1.020889,1.576424,2.784431,5.380083,0.161078,0.238068,0.003406,Not Available,Not Available,0.127312,0.368786,5.91174
1975 November,1.044129,1.67444,2.593233,5.312323,0.155988,0.256706,0.00331,Not Available,Not Available,0.12318,0.383196,5.853242
1975 December,1.158734,2.092029,3.089211,6.34042,0.183682,0.27299,0.003429,Not Available,Not Available,0.127277,0.403696,6.929591
1976 January,1.201363,2.33682,3.175857,6.713023,0.177844,0.273323,0.003403,Not Available,Not Available,0.145049,0.421775,7.315131
1976 February,1.063557,1.97676,2.800156,5.838762,0.158824,0.257277,0.0032,Not Available,Not Available,0.135695,0.396173,6.396086
1976 March,1.103547,1.75542,2.953625,5.810707,0.15458,0.278567,0.003426,Not Available,Not Available,0.145051,0.427044,6.39482
1976 April,1.054029,1.53816,2.747714,5.337573,0.121316,0.253482,0.003086,Not Available,Not Available,0.140363,0.396931,5.858227
1976 May,1.060057,1.46268,2.726355,5.246389,0.131784,0.267732,0.002949,Not Available,Not Available,0.145047,0.415728,5.796389
1976 June,1.09882,1.3617,2.780547,5.239405,0.174072,0.268088,0.003063,Not Available,Not Available,0.140405,0.411555,5.827441
1976 July,1.171113,1.39944,2.837745,5.408099,0.195628,0.273026,0.003311,Not Available,Not Available,0.145088,0.421425,6.027641
1976 August,1.17987,1.34334,2.845569,5.370267,0.202851,0.249759,0.00326,Not Available,Not Available,0.14511,0.398129,5.973736
1976 September,1.081958,1.32804,2.781631,5.192249,0.191006,0.213376,0.003173,Not Available,Not Available,0.140436,0.356984,5.742648
1976 October,1.119412,1.65342,2.90591,5.684372,0.191723,0.22099,0.003082,Not Available,Not Available,0.145114,0.369186,6.24777
1976 November,1.176231,1.9125,3.110857,6.200877,0.178235,0.208138,0.002597,Not Available,Not Available,0.140651,0.351386,6.732906
1976 December,1.27411,2.27664,3.511815,7.064946,0.233256,0.212507,0.002963,Not Available,Not Available,0.145364,0.360834,7.661524
1977 January,1.266433,2.457547,3.511156,7.2335,0.238556,0.219069,0.003232,Not Available,Not Available,0.15622,0.378521,7.855623
1977 February,1.121735,1.854136,3.162015,6.137935,0.211078,0.160329,0.002823,Not Available,Not Available,0.141176,0.304328,6.657899
1977 March,1.12922,1.751015,3.102553,5.980978,0.222619,0.209549,0.0032,Not Available,Not Available,0.156217,0.368966,6.57761
1977 April,1.041243,1.469219,2.904482,5.41296,0.213943,0.197287,0.002854,Not Available,Not Available,0.151161,0.351301,5.983088
1977 May,1.103387,1.407959,2.905413,5.417081,0.221834,0.197656,0.003081,Not Available,Not Available,0.156186,0.356923,6.000884
1977 June,1.1621,1.360993,2.992967,5.516109,0.23172,0.182303,0.003029,Not Available,Not Available,0.151153,0.336485,6.089198
1977 July,1.257119,1.352825,3.010863,5.622395,0.235032,0.177779,0.003204,Not Available,Not Available,0.15592,0.336903,6.199376
1977 August,1.231003,1.392644,3.093587,5.718151,0.244991,0.176863,0.002937,Not Available,Not Available,0.156081,0.335881,6.30407
1977 September,1.135635,1.456967,2.939574,5.53917,0.211395,0.173821,0.003144,Not Available,Not Available,0.15111,0.328075,6.083524
1977 October,1.127504,1.549878,3.043179,5.724553,0.205053,0.181908,0.003288,Not Available,Not Available,0.156172,0.341368,6.276021
1977 November,1.139472,1.72549,3.038337,5.904092,0.209548,0.215864,0.003303,Not Available,Not Available,0.151,0.370168,6.488691
1977 December,1.207253,2.152268,3.419854,6.784682,0.255994,0.240826,0.003288,Not Available,Not Available,0.155935,0.400048,7.445772
1978 January,1.195802,2.427258,3.373209,6.997622,0.282638,0.262529,0.003326,Not Available,Not Available,0.173128,0.438983,7.724961
1978 February,1.00151,2.179641,3.237791,6.419735,0.238869,0.232625,0.002854,Not Available,Not Available,0.156387,0.391866,7.055634
1978 March,0.953062,1.954442,3.372061,6.284582,0.245611,0.257965,0.002359,Not Available,Not Available,0.173136,0.433459,6.969369
1978 April,1.019025,1.568241,2.942495,5.541304,0.192342,0.265041,0.001989,Not Available,Not Available,0.167349,0.434379,6.173557
1978 May,1.088001,1.40622,3.118493,5.636732,0.223373,0.301188,0.001772,Not Available,Not Available,0.172923,0.475883,6.341706
1978 June,1.162388,1.272731,3.028108,5.472067,0.242728,0.263109,0.002179,Not Available,Not Available,0.16734,0.432628,6.152956
1978 July,1.237363,1.358327,3.023228,5.632946,0.273603,0.256107,0.002441,Not Available,Not Available,0.172912,0.431461,6.343727
1978 August,1.278218,1.309415,3.204843,5.805339,0.280082,0.232357,0.002871,Not Available,Not Available,0.173189,0.408417,6.499555
1978 September,1.211465,1.258465,2.96947,5.450619,0.242769,0.221801,0.003031,Not Available,Not Available,0.167455,0.392287,6.091208
1978 October,1.166964,1.46736,3.143193,5.791835,0.251605,0.204012,0.002254,Not Available,Not Available,0.173169,0.379436,6.428593
1978 November,1.170315,1.689502,3.160293,6.032112,0.272438,0.208974,0.002547,Not Available,Not Available,0.167557,0.379078,6.689161
1978 December,1.281463,2.108311,3.389636,6.788143,0.278067,0.231275,0.003228,Not Available,Not Available,0.17306,0.407564,7.479492
1979 January,1.352487,2.476946,3.506742,7.34001,0.302351,0.262096,0.003099,Not Available,Not Available,0.1826,0.447796,8.09605
1979 February,1.203643,2.250284,3.278901,6.735799,0.281883,0.222855,0.002535,Not Available,Not Available,0.165096,0.390487,7.413492
1979 March,1.2125,1.920501,3.291629,6.426585,0.264739,0.271516,0.003402,Not Available,Not Available,0.182881,0.457799,7.155015
1979 April,1.140389,1.627474,2.866229,5.639049,0.200369,0.265941,0.003146,Not Available,Not Available,0.176844,0.445932,6.291051
1979 May,1.19397,1.459009,3.028989,5.692927,0.163455,0.303134,0.003164,Not Available,Not Available,0.182782,0.48908,6.351355
1979 June,1.238154,1.336489,2.940794,5.52463,0.174776,0.261646,0.003204,Not Available,Not Available,0.176833,0.441683,6.146792
1979 July,1.334783,1.35793,2.923194,5.623614,0.226552,0.238414,0.003398,Not Available,Not Available,0.1827,0.424513,6.280572
1979 August,1.342578,1.370182,3.09709,5.818398,0.263316,0.222695,0.003707,Not Available,Not Available,0.182808,0.40921,6.496817
1979 September,1.198249,1.356909,2.871577,5.434484,0.237204,0.198794,0.003217,Not Available,Not Available,0.176891,0.378903,6.056294
1979 October,1.231391,1.589697,3.091209,5.915754,0.227745,0.211243,0.003607,Not Available,Not Available,0.182752,0.397602,6.546994
1979 November,1.237532,1.805128,3.010304,6.052873,0.209477,0.234286,0.003505,Not Available,Not Available,0.176949,0.41474,6.682793
1979 December,1.35391,2.115512,3.215617,6.686643,0.223959,0.238063,0.004275,Not Available,Not Available,0.18277,0.425109,7.341604
1980 January,1.394041,2.278492,3.19315,6.868959,0.215389,0.265618,0.003495,Not Available,Not Available,0.209829,0.478943,7.569338
1980 February,1.309761,2.186179,2.991455,6.486873,0.210277,0.224631,0.003357,Not Available,Not Available,0.19631,0.424298,7.127106
1980 March,1.291623,2.090937,2.9523,6.331618,0.218584,0.255676,0.003731,Not Available,Not Available,0.209727,0.469134,7.025383
1980 April,1.155186,1.562193,2.76168,5.47439,0.205,0.270552,0.003909,Not Available,Not Available,0.202894,0.477356,6.162598
1980 May,1.15954,1.380874,2.752167,5.287327,0.200541,0.303305,0.004603,Not Available,Not Available,0.209548,0.517456,6.011371
1980 June,1.231174,1.277249,2.667911,5.172393,0.199859,0.290604,0.004441,Not Available,Not Available,0.202723,0.497768,5.875872
1980 July,1.385342,1.318738,2.732193,5.432016,0.229329,0.257106,0.00467,Not Available,Not Available,0.209554,0.471331,6.138724
1980 August,1.377215,1.305406,2.686184,5.365712,0.265424,0.214693,0.004991,Not Available,Not Available,0.209675,0.429358,6.066541
1980 September,1.257702,1.322794,2.733082,5.309535,0.257127,0.194301,0.004506,Not Available,Not Available,0.202905,0.401712,5.974226
1980 October,1.224097,1.549528,2.877054,5.644677,0.267351,0.18773,0.005117,Not Available,Not Available,0.209717,0.402564,6.32064
1980 November,1.246566,1.791974,2.743074,5.779421,0.228892,0.201929,0.005002,Not Available,Not Available,0.202945,0.409876,6.424042
1980 December,1.39054,2.167904,3.11427,6.671623,0.241396,0.233998,0.004877,Not Available,Not Available,0.209671,0.448546,7.367613
1981 January,1.467366,2.319606,3.122494,6.909084,0.26228,0.236553,0.005284,Not Available,Not Available,0.220544,0.462381,7.643376
1981 February,1.297021,1.928722,2.589787,5.81464,0.238196,0.223123,0.004671,Not Available,Not Available,0.199248,0.427043,6.488579
1981 March,1.304283,1.933264,2.679376,5.914419,0.242709,0.217976,0.005237,Not Available,Not Available,0.220595,0.443808,6.610567
1981 April,1.186599,1.51385,2.50512,5.204302,0.227726,0.219717,0.004836,Not Available,Not Available,0.213467,0.43802,5.879369
1981 May,1.194768,1.451464,2.589874,5.236148,0.217546,0.2552,0.004791,Not Available,Not Available,0.220433,0.480423,5.943749
1981 June,1.295935,1.331774,2.636348,5.259835,0.233457,0.278976,0.004782,Not Available,Not Available,0.213237,0.496995,5.999608
1981 July,1.463331,1.336794,2.656503,5.456877,0.254569,0.265656,0.005256,Not Available,Not Available,0.220392,0.491304,6.212381
1981 August,1.430796,1.335664,2.588952,5.355686,0.297219,0.228409,0.005191,Not Available,Not Available,0.220428,0.454028,6.116564
1981 September,1.296714,1.286644,2.557543,5.13917,0.269115,0.188516,0.005224,Not Available,Not Available,0.21348,0.40722,5.824826
1981 October,1.284573,1.545294,2.667086,5.494304,0.226731,0.191231,0.005153,Not Available,Not Available,0.220581,0.416966,6.147633
1981 November,1.27444,1.647118,2.541681,5.463401,0.251301,0.200541,0.004498,Not Available,Not Available,0.213437,0.418476,6.142499
1981 December,1.411723,2.113001,2.79737,6.319064,0.286743,0.252071,0.004513,Not Available,Not Available,0.22044,0.477024,7.092463
1982 January,1.488841,2.447351,2.709397,6.645176,0.284331,0.284215,0.003975,Not Available,Not Available,0.226251,0.51444,7.452645
1982 February,1.294926,2.02315,2.4381,5.754756,0.223538,0.281593,0.003656,Not Available,Not Available,0.204375,0.489624,6.475473
1982 March,1.26221,1.87359,2.61138,5.745167,0.251971,0.315347,0.00322,Not Available,Not Available,0.226157,0.544724,6.548462
1982 April,1.154664,1.514599,2.611682,5.280252,0.241222,0.295061,0.003247,Not Available,Not Available,0.218821,0.517128,6.044908
1982 May,1.188681,1.158395,2.489749,4.834371,0.239606,0.295887,0.003773,Not Available,Not Available,0.226135,0.525795,5.607074
1982 June,1.212642,1.136504,2.442717,4.788247,0.26604,0.295552,0.004556,Not Available,Not Available,0.218866,0.518974,5.577011
1982 July,1.383398,1.167608,2.485008,5.032979,0.281997,0.288273,0.004792,Not Available,Not Available,0.226202,0.519267,5.840514
1982 August,1.376905,1.174323,2.502062,5.051959,0.276671,0.252259,0.004776,Not Available,Not Available,0.226168,0.483203,5.822744
1982 September,1.22966,1.162899,2.438476,4.827853,0.281149,0.210219,0.004581,Not Available,Not Available,0.218947,0.433748,5.553562
1982 October,1.192804,1.335372,2.494993,5.021794,0.257422,0.208623,0.004877,Not Available,Not Available,0.226373,0.439874,5.730544
1982 November,1.231755,1.589784,2.42503,5.245118,0.257281,0.245861,0.005122,Not Available,Not Available,0.218948,0.46993,5.98305
1982 December,1.305074,1.772929,2.583616,5.660942,0.269921,0.292668,0.004053,Not Available,Not Available,0.22621,0.52293,6.463441
1983 January,1.359687,2.265754,2.443386,6.067469,0.273422,0.310615,0.005087,Not Available,0.000002,0.246575,0.562279,6.912467
1983 February,1.180042,1.888071,2.228136,5.295196,0.242067,0.296625,0.003913,Not Available,0,0.222738,0.523276,6.069952
1983 March,1.196034,1.788953,2.609421,5.593672,0.260523,0.32173,0.00451,Not Available,0.000003,0.24661,0.572853,6.436333
1983 April,1.13955,1.533045,2.389458,5.05971,0.243561,0.318603,0.004227,Not Available,0.000002,0.238625,0.561458,5.873836
1983 May,1.172176,1.260206,2.437064,4.867775,0.240465,0.331656,0.003434,Not Available,0.000003,0.246647,0.581741,5.697525
1983 June,1.25652,1.090922,2.494067,4.840644,0.263376,0.326237,0.004518,Not Available,0.000002,0.238736,0.569493,5.682518
1983 July,1.499058,1.086246,2.522423,5.106113,0.279191,0.298715,0.005627,Not Available,0.000001,0.246651,0.550993,5.946682
1983 August,1.573899,1.123874,2.610754,5.307915,0.285725,0.274189,0.007404,Not Available,0,0.246695,0.528288,6.133137
1983 September,1.366111,1.060564,2.51754,4.94327,0.272705,0.23065,0.006764,Not Available,0.000004,0.238755,0.476173,5.704341
1983 October,1.304357,1.125246,2.509172,4.938032,0.281314,0.220423,0.007091,Not Available,0.000005,0.246732,0.474251,5.70557
1983 November,1.325008,1.316659,2.509066,5.149782,0.272735,0.26194,0.006311,Not Available,0.000004,0.23878,0.507035,5.940081
1983 December,1.521978,1.681296,2.781751,5.98228,0.287465,0.335876,0.005025,Not Available,0.000001,0.246871,0.587773,6.868125
1984 January,1.551521,2.399247,2.809149,6.760673,0.317844,0.313504,0.005094,-0.000001,0,0.251483,0.570081,7.659216
1984 February,1.35899,2.005105,2.409324,5.775436,0.308326,0.293845,0.006222,0.000001,0.000002,0.235169,0.535239,6.628326
1984 March,1.402844,1.887051,2.689863,5.978784,0.296499,0.32067,0.006838,0.000002,0.000002,0.251529,0.57904,6.863942
1984 April,1.271621,1.639935,2.525553,5.436676,0.262738,0.315985,0.006748,0.000003,0.000006,0.243277,0.566019,6.275386
1984 May,1.297942,1.380376,2.613777,5.291526,0.280471,0.335607,0.006473,0.000007,0.000008,0.251408,0.593504,6.17619
1984 June,1.439065,1.204611,2.552271,5.193507,0.274321,0.303719,0.006283,0.00001,0.000006,0.243303,0.553321,6.03141
1984 July,1.51922,1.180805,2.59509,5.294181,0.306687,0.289982,0.005997,0.000003,0.000005,0.251632,0.547618,6.160819
1984 August,1.586855,1.181397,2.702796,5.469122,0.319793,0.264894,0.007509,0.000009,0.000003,0.251638,0.524053,6.328067
1984 September,1.383544,1.110435,2.473224,4.966764,0.316027,0.220536,0.006763,0.00001,0.000005,0.243596,0.47091,5.766025
1984 October,1.395014,1.208513,2.604034,5.20414,0.268621,0.220205,0.007424,0.000007,0.000009,0.251974,0.47962,5.965862
1984 November,1.393904,1.424191,2.525686,5.341201,0.266462,0.234699,0.007331,0.000004,0.000009,0.244068,0.48611,6.104652
1984 December,1.470103,1.771942,2.552478,5.79398,0.334742,0.272166,0.008127,0,0.000013,0.252042,0.532347,6.67181
1985 January,1.599226,2.155823,2.677339,6.432838,0.384371,0.290793,0.008086,0.000005,0.000007,0.256315,0.555205,7.382202
1985 February,1.405395,2.206765,2.423845,6.03744,0.32729,0.273175,0.007141,-0.000001,0.000011,0.231512,0.511838,6.884675
1985 March,1.385744,1.767205,2.562487,5.715546,0.32972,0.260344,0.008314,0.000001,0.000007,0.256336,0.525002,6.582706
1985 April,1.319424,1.481028,2.506246,5.307217,0.28104,0.258039,0.007281,0.000013,0.000006,0.247599,0.512937,6.110942
1985 May,1.384445,1.17293,2.596791,5.151146,0.304823,0.279498,0.007571,0.000015,0.000004,0.255881,0.542968,6.01009
1985 June,1.431061,1.100814,2.508542,5.038284,0.32755,0.252373,0.007294,0.000016,0.000004,0.247643,0.50733,5.885315
1985 July,1.584552,1.14242,2.588679,5.313969,0.373727,0.225387,0.008019,0.000011,0.000001,0.256159,0.489577,6.191778
1985 August,1.561888,1.141786,2.698765,5.401081,0.369775,0.211206,0.008381,0.000021,0.000004,0.256301,0.475912,6.2622
1985 September,1.424542,1.065341,2.443212,4.9303,0.366541,0.198288,0.007966,0.000014,0.000009,0.247997,0.454274,5.763682
1985 October,1.389491,1.171877,2.652748,5.212859,0.331461,0.211589,0.007626,0.00001,0.000005,0.256175,0.475406,6.031312
1985 November,1.385921,1.345754,2.503455,5.23238,0.320428,0.242115,0.009416,0.000003,0.000002,0.24807,0.499606,6.06341
1985 December,1.606739,1.951717,2.762638,6.320084,0.358837,0.267386,0.010325,0.000002,0.000001,0.256246,0.53396,7.224067
1986 January,1.628376,2.205211,2.684602,6.518143,0.383159,0.226352,0.010526,0.000007,0.000002,0.249178,0.486064,7.399658
1986 February,1.412688,1.930555,2.446789,5.789734,0.346156,0.245152,0.00904,0.000006,0.000002,0.224922,0.479122,6.624247
1986 March,1.385114,1.772385,2.731306,5.887933,0.325549,0.30028,0.009403,0.000011,0.000007,0.248837,0.558538,6.78017
1986 April,1.264564,1.380229,2.598987,5.243367,0.322413,0.290609,0.008479,0.000014,0.000006,0.240788,0.539897,6.113781
1986 May,1.32118,1.192312,2.700005,5.210841,0.337725,0.287656,0.008568,0.000019,0.000008,0.248822,0.545072,6.103287
1986 June,1.46356,1.059219,2.628717,5.151636,0.331481,0.27726,0.009295,0.000015,0.000005,0.240837,0.527412,6.019767
1986 July,1.64801,1.053847,2.754714,5.454855,0.379718,0.254396,0.009862,0.000017,0.000005,0.249011,0.513292,6.358024
1986 August,1.515011,1.016637,2.809422,5.335374,0.396534,0.22381,0.009839,0.000017,0.000005,0.249176,0.482847,6.227713
1986 September,1.401321,0.960084,2.590741,4.95173,0.387113,0.222779,0.008245,0.000015,0.000001,0.241074,0.472114,5.822464
1986 October,1.355954,1.037874,2.775153,5.168388,0.383103,0.225018,0.008105,0.000013,0.000002,0.248974,0.482113,6.043899
1986 November,1.366752,1.271522,2.61644,5.251249,0.369674,0.244175,0.007015,0.000009,0,0.241122,0.492321,6.122967
1986 December,1.497876,1.711484,2.861394,6.070031,0.417484,0.273692,0.009299,0.000003,0,0.249352,0.532346,7.031035
1987 January,1.563157,2.179929,2.7825,6.524484,0.417417,0.267809,0.009317,0.000001,0.000001,0.244137,0.521265,7.47645
1987 February,1.357526,1.968916,2.554981,5.882405,0.382159,0.223722,0.00864,0.000006,0,0.220511,0.452878,6.732162
1987 March,1.372447,1.7931,2.703658,5.867615,0.389382,0.245143,0.009473,0.000009,0,0.244157,0.498782,6.770707
1987 April,1.322692,1.472949,2.678606,5.474667,0.349992,0.232573,0.008929,0.000013,0.000002,0.236139,0.477656,6.317775
1987 May,1.419056,1.212924,2.691098,5.323514,0.358374,0.255627,0.009382,0.000013,0.000003,0.244007,0.509032,6.203087
1987 June,1.553622,1.125283,2.740854,5.421268,0.38176,0.220689,0.009635,0.000017,0.00001,0.236522,0.466873,6.283858
1987 July,1.731657,1.118428,2.878338,5.728689,0.41826,0.21334,0.009961,0.000019,0.000013,0.244359,0.467691,6.630484
1987 August,1.719952,1.151681,2.750041,5.622313,0.431801,0.194652,0.009923,0.000012,0.000002,0.244396,0.448986,6.518294
1987 September,1.484318,1.068976,2.707872,5.265011,0.414191,0.191635,0.009257,0.000008,0.000002,0.236298,0.437201,6.127542
1987 October,1.448063,1.250133,2.831257,5.531547,0.381045,0.189215,0.009375,0.000006,0.000001,0.244059,0.442655,6.366409
1987 November,1.433762,1.450775,2.634964,5.522064,0.390924,0.177943,0.009064,0.000003,0.000001,0.236197,0.423208,6.346123
1987 December,1.602198,1.846705,2.90954,6.357013,0.438627,0.222161,0.009312,0.000002,0.000002,0.244104,0.47558,7.281541
1988 January,1.684214,2.237883,2.899404,6.824735,0.473469,0.230477,0.009312,0.000005,0.000007,0.255331,0.495132,7.804136
1988 February,1.539149,2.085677,2.779619,6.406177,0.447892,0.199789,0.008013,0.000008,0,0.238853,0.446663,7.311849
1988 March,1.48558,1.910986,2.953216,6.355537,0.465555,0.204359,0.009341,0.000013,0,0.255385,0.469098,7.300926
1988 April,1.368241,1.498021,2.694063,5.564474,0.424786,0.200293,0.008454,0.000005,0,0.247241,0.455993,6.453888
1988 May,1.418454,1.333133,2.720018,5.470048,0.430975,0.222701,0.00831,0.000013,0,0.255188,0.486212,6.394683
1988 June,1.601226,1.19723,2.778576,5.581758,0.467326,0.197723,0.008815,0.000014,0,0.24734,0.453891,6.511855
1988 July,1.748765,1.203533,2.808666,5.767758,0.528281,0.17742,0.009589,0.000012,0,0.255582,0.442602,6.750241
1988 August,1.819299,1.250795,2.949459,6.022845,0.519872,0.172238,0.009149,0.000012,0,0.255815,0.437214,6.992534
1988 September,1.522329,1.124432,2.76996,5.41976,0.49056,0.170174,0.008772,0.00001,0,0.247357,0.426312,6.344903
1988 October,1.498257,1.259569,2.947178,5.709352,0.451551,0.158144,0.008939,0.000001,0,0.255517,0.422602,6.591078
1988 November,1.493134,1.485535,2.854186,5.833846,0.419662,0.192932,0.008874,0.000001,0,0.247096,0.448903,6.70819
1988 December,1.667662,1.861598,3.068471,6.600782,0.467038,0.208016,0.00877,0.000001,0.000001,0.255345,0.472132,7.544911
1989 January,1.661361,2.093074,2.877511,6.639259,0.490288,0.22404,0.014134,0.002881,0.001521,0.266572,0.509146,7.643429
1989 February,1.570485,2.082154,2.701173,6.355982,0.409824,0.19931,0.012761,0.003105,0.002331,0.243927,0.461434,7.233507
1989 March,1.558177,2.022206,3.007787,6.59143,0.419471,0.242358,0.015001,0.00437,0.002671,0.268315,0.532715,7.545712
1989 April,1.421056,1.650703,2.697678,5.776323,0.354476,0.257728,0.013095,0.004844,0.002484,0.251946,0.530096,6.664223
1989 May,1.465828,1.413195,2.781944,5.666647,0.405739,0.30024,0.013857,0.005237,0.002131,0.241235,0.5627,6.639146
1989 June,1.571761,1.262431,2.852728,5.690984,0.454815,0.277046,0.013664,0.005346,0.001631,0.248447,0.546135,6.697351
1989 July,1.705408,1.288768,2.775557,5.773401,0.553819,0.242678,0.013872,0.005747,0.001482,0.261318,0.525097,6.859664
1989 August,1.717331,1.282898,2.928238,5.930983,0.581511,0.216086,0.013414,0.005594,0.001075,0.276985,0.513153,7.0315
1989 September,1.550947,1.242957,2.723536,5.518998,0.474507,0.202515,0.01252,0.00518,0.002923,0.264811,0.487948,6.484546
1989 October,1.524699,1.400861,2.899963,5.821923,0.460972,0.214892,0.013157,0.004716,0.001832,0.276462,0.511059,6.794037
1989 November,1.534514,1.630271,2.802351,5.966007,0.459296,0.226777,0.012562,0.003884,0.001281,0.276819,0.521324,6.943568
1989 December,1.788196,2.232178,3.160831,7.179223,0.537442,0.233595,0.013504,0.00355,0.000671,0.28252,0.533841,8.248735
1990 January,1.651617,2.214575,2.85312,6.719556,0.583273,0.253277,0.015036,0.003132,0.003134,0.236692,0.511271,7.812956
1990 February,1.465526,1.907238,2.600579,5.973455,0.528705,0.262555,0.013739,0.003395,0.002405,0.226266,0.50836,7.007047
1990 March,1.528733,1.87064,2.857607,6.257504,0.487694,0.301333,0.015116,0.004685,0.002551,0.244248,0.567934,7.309408
1990 April,1.449803,1.668124,2.717778,5.834912,0.407576,0.276175,0.01208,0.00516,0.004373,0.23264,0.530429,6.77143
1990 May,1.477073,1.452605,2.841449,5.771304,0.454445,0.291917,0.01414,0.005863,0.003644,0.210108,0.525672,6.750369
1990 June,1.604918,1.350893,2.810411,5.766942,0.490288,0.300121,0.014647,0.005821,0.004227,0.178544,0.503361,6.759771
1990 July,1.740572,1.341791,2.880305,5.965903,0.567668,0.257581,0.014779,0.006182,0.001239,0.219713,0.499494,7.03644
1990 August,1.776442,1.372596,3.045026,6.19329,0.590033,0.230354,0.014592,0.006146,0.000729,0.245632,0.497454,7.283526
1990 September,1.639972,1.333186,2.681366,5.655504,0.513067,0.187254,0.013746,0.005468,0.000947,0.239932,0.447348,6.618043
1990 October,1.604968,1.458066,2.824351,5.887947,0.459207,0.203213,0.014398,0.005037,0.002114,0.235437,0.460198,6.812406
1990 November,1.535479,1.60927,2.693173,5.836879,0.476554,0.219084,0.013805,0.004014,0.002405,0.220256,0.459565,6.776429
1990 December,1.697532,2.024185,2.746459,6.46901,0.545839,0.263525,0.014668,0.00385,0.001239,0.245644,0.528926,7.546634
1991 January,1.748968,2.389278,2.796122,6.93599,0.570005,0.280572,0.015446,0.003279,0.000648,0.269531,0.569476,8.078661
1991 February,1.460729,1.987785,2.447146,5.897465,0.501792,0.240524,0.013497,0.003534,0.003026,0.204535,0.465116,6.866738
1991 March,1.480065,1.921539,2.702825,6.10596,0.514987,0.282566,0.015382,0.004624,0.002161,0.214374,0.519108,7.144066
1991 April,1.37316,1.620823,2.612167,5.606823,0.43646,0.281008,0.013871,0.005095,0.002485,0.190452,0.492911,6.540723
1991 May,1.497435,1.416318,2.708653,5.622945,0.490175,0.309826,0.014196,0.006204,0.003782,0.206579,0.540587,6.659213
1991 June,1.596278,1.277489,2.744626,5.616941,0.568322,0.280947,0.015048,0.0063,0.001621,0.209721,0.513637,6.702509
1991 July,1.738203,1.377051,2.841337,5.95943,0.636742,0.26605,0.01507,0.006738,0.001621,0.210055,0.499533,7.102868
1991 August,1.737679,1.367091,2.881249,5.983933,0.613027,0.237525,0.014928,0.006563,0.002377,0.250834,0.512228,7.117701
1991 September,1.576469,1.311041,2.728146,5.619275,0.543843,0.201861,0.01403,0.005934,0.002161,0.267735,0.491721,6.662225
1991 October,1.540673,1.502664,2.845258,5.887912,0.49959,0.193296,0.014793,0.005207,0.00443,0.249408,0.467134,6.862825
1991 November,1.588175,1.770822,2.691548,6.051732,0.485359,0.20213,0.015411,0.004229,0.00443,0.241541,0.467742,7.011114
1991 December,1.653837,2.091062,2.846967,6.59196,0.561832,0.239639,0.015954,0.003901,0.002053,0.267033,0.52858,7.688591
1992 January,1.674804,2.336323,2.826335,6.84116,0.605734,0.23595,0.015635,0.003272,0.001551,0.279197,0.535605,7.988956
1992 February,1.496093,2.123792,2.616678,6.239055,0.552907,0.196021,0.013827,0.003545,0.005333,0.230468,0.449193,7.247705
1992 March,1.55524,2.025,2.802972,6.386482,0.479942,0.23766,0.015679,0.004872,0.003393,0.221177,0.482781,7.353583
1992 April,1.452659,1.783748,2.712648,5.952141,0.442584,0.212719,0.014254,0.005511,0.003297,0.210172,0.445952,6.845997
1992 May,1.487696,1.511315,2.762212,5.763121,0.477764,0.242426,0.015069,0.006235,0.00097,0.190537,0.455237,6.702403
1992 June,1.560214,1.361629,2.75394,5.679652,0.535959,0.244966,0.014876,0.006276,0.000776,0.230985,0.497879,6.719321
1992 July,1.780586,1.427258,2.871161,6.0808,0.586886,0.214207,0.015109,0.006733,0.000776,0.25015,0.486975,7.164272
1992 August,1.708952,1.369896,2.838351,5.919789,0.614183,0.198457,0.015214,0.006652,0.001454,0.269662,0.491439,7.033411
1992 September,1.604886,1.34719,2.732485,5.687402,0.533178,0.1833,0.01418,0.005973,0.003297,0.251511,0.458261,6.686894
1992 October,1.551277,1.453742,2.906158,5.914168,0.510817,0.18027,0.014943,0.005399,0.002521,0.269545,0.472678,6.906882
1992 November,1.549587,1.759472,2.735062,6.045343,0.531147,0.212065,0.014869,0.004403,0.002909,0.264383,0.49863,7.083547
1992 December,1.700478,2.214271,2.966968,6.886585,0.608106,0.259394,0.015043,0.003995,0.003587,0.263891,0.545911,8.04921
1993 January,1.694732,2.365881,2.659083,6.723595,0.620536,0.268521,0.015945,0.003369,0.00255,0.273487,0.563872,7.915532
1993 February,1.571442,2.246695,2.585557,6.403731,0.539056,0.216725,0.015426,0.003711,0.00051,0.241356,0.477728,7.427575
1993 March,1.642407,2.224905,2.910069,6.77999,0.489546,0.253399,0.016137,0.005216,0.005356,0.263426,0.543534,7.820018
1993 April,1.47171,1.749104,2.701382,5.925151,0.453758,0.274886,0.01599,0.005915,0.003826,0.226086,0.526702,6.910814
1993 May,1.477777,1.358348,2.747605,5.585324,0.529053,0.316469,0.01437,0.006424,0.003826,0.19501,0.536098,6.654004
1993 June,1.65183,1.371647,2.761354,5.788239,0.552722,0.287581,0.014436,0.006332,0.000893,0.196963,0.506204,6.85077
1993 July,1.879354,1.453506,2.891344,6.22315,0.593499,0.254885,0.01578,0.006907,0.001403,0.212516,0.491492,7.316676
1993 August,1.861654,1.477749,2.894218,6.238191,0.590418,0.216292,0.016007,0.006902,0.000765,0.261507,0.501473,7.341037
1993 September,1.613322,1.360313,2.853272,5.825244,0.525081,0.188068,0.015439,0.006237,0.001403,0.251085,0.462232,6.822422
1993 October,1.598503,1.568978,2.872317,6.044961,0.466738,0.18759,0.015349,0.005503,0.002933,0.25754,0.468915,6.991604
1993 November,1.616403,1.844901,2.84085,6.302808,0.492243,0.195571,0.015174,0.004503,0.004718,0.26383,0.483796,7.289107
1993 December,1.756016,2.206879,2.970183,6.938012,0.557848,0.231625,0.015621,0.004155,0.002805,0.265367,0.519573,8.025864
1994 January,1.850167,2.615894,2.969037,7.440851,0.594162,0.220026,0.015695,0.003625,0,0.307644,0.54699,8.593475
1994 February,1.609522,2.384642,2.745316,6.740894,0.520733,0.21085,0.014267,0.003848,0.001036,0.245198,0.475199,7.749864
1994 March,1.625221,2.11993,2.864271,6.614307,0.511829,0.243412,0.014471,0.005506,0.005639,0.261749,0.530778,7.672318
1994 April,1.476662,1.709439,2.8164,6.008181,0.451444,0.254767,0.01476,0.006002,0.004258,0.236697,0.516485,6.987179
1994 May,1.542882,1.467024,2.865583,5.881081,0.507184,0.26713,0.014543,0.006594,0.003798,0.202317,0.494382,6.894535
1994 June,1.756627,1.480278,2.878426,6.120259,0.540902,0.258029,0.013144,0.006716,0.003798,0.21514,0.496826,7.170472
1994 July,1.833751,1.488112,2.90275,6.229199,0.61795,0.241004,0.013897,0.006986,0.001956,0.274118,0.537962,7.399179
1994 August,1.815447,1.520623,3.013224,6.354028,0.628207,0.209396,0.015199,0.006778,0.001381,0.25182,0.484574,7.481432
1994 September,1.613611,1.440152,2.806074,5.865943,0.581426,0.171008,0.014102,0.006323,0.003222,0.235954,0.430609,6.890044
1994 October,1.579331,1.54791,2.92439,6.059259,0.529943,0.180671,0.014475,0.005872,0.003683,0.273101,0.477801,7.079201
1994 November,1.531004,1.787308,2.762239,6.083854,0.577783,0.197506,0.014295,0.004629,0.005064,0.261089,0.482582,7.156597
1994 December,1.675238,2.166757,3.009818,6.855534,0.632314,0.229658,0.014616,0.004228,0.001726,0.262708,0.512935,8.013033
1995 January,1.734081,2.483351,2.816882,7.036939,0.665531,0.256445,0.013067,0.003471,0.000059,0.242373,0.515415,8.229301
1995 February,1.564076,2.277657,2.721006,6.569144,0.544873,0.258244,0.009702,0.003777,0.000241,0.205693,0.477657,7.603154
1995 March,1.56238,2.188573,2.883521,6.641421,0.545102,0.294609,0.01067,0.005258,0.000047,0.240022,0.550606,7.74938
1995 April,1.451528,1.86057,2.733175,6.0477,0.518215,0.253408,0.009352,0.006123,0.000071,0.26729,0.536243,7.113904
1995 May,1.525782,1.65096,2.859142,6.043444,0.571444,0.286483,0.008606,0.006877,0.004214,0.225827,0.532006,7.158825
1995 June,1.666155,1.488465,2.916285,6.073564,0.592394,0.311683,0.009317,0.007071,0.00514,0.227957,0.561167,7.239335
1995 July,1.892732,1.62458,2.847589,6.36957,0.651824,0.283275,0.010066,0.00729,0.006392,0.293238,0.600262,7.633856
1995 August,1.984136,1.695992,2.998182,6.682848,0.64787,0.251378,0.016447,0.007199,0.005628,0.299676,0.580328,7.925889
1995 September,1.663762,1.491992,2.8856,6.048958,0.585133,0.20652,0.01183,0.006444,0.005907,0.268833,0.499533,7.14416
1995 October,1.615666,1.561282,2.91016,6.092152,0.570461,0.238738,0.019182,0.005753,0.002646,0.294565,0.560884,7.233072
1995 November,1.642728,1.956143,2.854404,6.459881,0.553807,0.263386,0.017276,0.004674,0.001291,0.272494,0.559121,7.580695
1995 December,1.785701,2.391574,3.01508,7.196335,0.628781,0.301139,0.016542,0.004274,0.000994,0.263176,0.586125,8.419023
1996 January,1.846331,2.657495,2.998163,7.506845,0.661075,0.317658,0.0113,0.003586,0.001523,0.273586,0.607653,8.783559
1996 February,1.674298,2.40481,2.858111,6.94111,0.587409,0.328772,0.011418,0.003918,0.001156,0.227637,0.572902,8.111049
1996 March,1.676263,2.281463,3.014043,6.977152,0.582642,0.350334,0.010872,0.005739,0.001939,0.259726,0.62861,8.199226
1996 April,1.51701,1.897379,2.855795,6.273564,0.528566,0.329254,0.012137,0.006419,0.002527,0.205781,0.556118,7.368821
1996 May,1.624761,1.680076,2.972794,6.279208,0.584355,0.343915,0.008603,0.007124,0.00405,0.232082,0.595774,7.469619
1996 June,1.754707,1.566541,2.906331,6.227833,0.603899,0.330103,0.012207,0.007238,0.003885,0.254723,0.608156,7.452652
1996 July,1.903677,1.569717,3.02432,6.499201,0.640194,0.29856,0.017,0.007344,0.005533,0.281563,0.61,7.76483
1996 August,1.92362,1.602561,3.095215,6.618677,0.645688,0.271592,0.017542,0.006869,0.004291,0.294661,0.594955,7.876613
1996 September,1.719606,1.505677,2.828094,6.05501,0.573389,0.228911,0.015298,0.006068,0.003634,0.258648,0.512559,7.153579
1996 October,1.722898,1.617748,3.172965,6.514948,0.531582,0.233632,0.016305,0.005728,0.002616,0.308935,0.567216,7.624557
1996 November,1.770365,1.969258,2.94174,6.683946,0.54754,0.243572,0.016486,0.004664,0.001021,0.295468,0.561212,7.802992
1996 December,1.868379,2.331923,3.007359,7.20681,0.600336,0.313353,0.014191,0.004411,0.001265,0.263996,0.597216,8.412995
1997 January,1.931005,2.595436,3.045577,7.575699,0.618248,0.336616,0.012781,0.003529,0.00123,0.274968,0.629124,8.831651
1997 February,1.642436,2.323114,2.723992,6.692515,0.531601,0.321859,0.009767,0.004024,0.001112,0.226674,0.563436,7.794506
1997 March,1.674451,2.202891,2.945793,6.826223,0.529045,0.357387,0.013424,0.005521,0.001517,0.250862,0.628711,7.992522
1997 April,1.595009,1.881259,2.966287,6.446139,0.471001,0.327586,0.014657,0.006213,0.003309,0.251878,0.603642,7.530863
1997 May,1.629447,1.683297,3.027509,6.342667,0.493552,0.34912,0.014331,0.0067,0.003579,0.266486,0.640215,7.484287
1997 June,1.744437,1.569908,2.990837,6.309261,0.546683,0.351899,0.011918,0.007013,0.005281,0.230961,0.607072,7.473252
1997 July,1.988514,1.706443,3.171664,6.872121,0.601853,0.323304,0.015455,0.007264,0.005203,0.259829,0.611055,8.098819
1997 August,1.941613,1.671787,3.073827,6.695862,0.641012,0.274788,0.015283,0.007072,0.005416,0.264502,0.567061,7.917539
1997 September,1.806164,1.571904,2.968317,6.345693,0.551839,0.23897,0.014604,0.006234,0.002657,0.249998,0.512464,7.420015
1997 October,1.812595,1.631616,3.151982,6.601663,0.493021,0.252613,0.014497,0.0057,0.002804,0.306693,0.582307,7.684592
1997 November,1.759272,1.970957,2.952181,6.684449,0.537176,0.242156,0.014404,0.004571,0.000742,0.264834,0.526707,7.75734
1997 December,1.920468,2.414106,3.140521,7.480766,0.581961,0.26416,0.015576,0.004301,0.00073,0.257536,0.542303,8.614964
1998 January,1.891535,2.508274,3.004603,7.412439,0.607312,0.29386,0.015811,0.003464,0.000177,0.277781,0.591093,8.616183
1998 February,1.660188,2.197926,2.716432,6.577694,0.535028,0.30587,0.012721,0.003707,0.000083,0.212823,0.535205,7.652795
1998 March,1.722384,2.232614,3.063323,7.021256,0.563483,0.323122,0.015674,0.005521,0.000063,0.242115,0.586494,8.177663
1998 April,1.602345,1.803886,3.051989,6.462248,0.498354,0.291715,0.010788,0.00609,0.000876,0.239214,0.548684,7.51804
1998 May,1.737653,1.634215,3.052803,6.429334,0.540248,0.338499,0.009908,0.006483,0.001461,0.249466,0.605817,7.582566
1998 June,1.865706,1.630555,3.08818,6.592982,0.584683,0.329782,0.011755,0.006835,0.004027,0.185191,0.537591,7.722524
1998 July,2.042377,1.768645,3.243658,7.061437,0.645187,0.292237,0.014565,0.007286,0.005582,0.246062,0.565732,8.28419
1998 August,2.039581,1.782247,3.216872,7.048407,0.633331,0.256055,0.015558,0.007135,0.004299,0.254189,0.537237,8.233696
1998 September,1.841326,1.636834,3.041919,6.526432,0.600147,0.212368,0.015259,0.00636,0.004852,0.247917,0.486754,7.622258
1998 October,1.75168,1.592778,3.17049,6.522416,0.602492,0.192567,0.016743,0.005697,0.003047,0.268751,0.486804,7.616741
1998 November,1.666298,1.807508,2.975808,6.453264,0.601894,0.20415,0.015035,0.004565,0.001847,0.230044,0.45564,7.513975
1998 December,1.83467,2.234747,3.191278,7.262516,0.655652,0.256829,0.014633,0.004276,0.004539,0.273938,0.554214,8.477089
1999 January,1.899404,2.611701,3.118279,7.634698,0.686455,0.301877,0.015171,0.003381,0.003446,0.271688,0.595564,8.919388
1999 February,1.64394,2.192185,2.841666,6.68006,0.600763,0.293419,0.012383,0.003704,0.003159,0.220435,0.533099,7.81639
1999 March,1.720541,2.25963,3.209717,7.196848,0.614858,0.328047,0.014471,0.005298,0.004568,0.211349,0.563732,8.377728
1999 April,1.637055,1.897575,3.055303,6.599297,0.507129,0.279566,0.012382,0.005967,0.003818,0.247537,0.54927,7.664188
1999 May,1.711331,1.619282,3.093931,6.427336,0.585793,0.296517,0.015035,0.006616,0.002818,0.287953,0.608939,7.63074
1999 June,1.838709,1.565126,3.17406,6.57974,0.651038,0.312577,0.013986,0.006698,0.002596,0.23739,0.573248,7.812539
1999 July,2.079309,1.723955,3.270491,7.076866,0.698212,0.303567,0.014153,0.007003,0.004664,0.264247,0.593633,8.377748
1999 August,2.016484,1.762724,3.331951,7.117148,0.712091,0.263077,0.014417,0.006815,0.003909,0.258368,0.546587,8.385765
1999 September,1.813848,1.564501,3.107207,6.487249,0.636771,0.21364,0.014426,0.006095,0.003859,0.243235,0.481255,7.618926
1999 October,1.743987,1.665213,3.26285,6.675871,0.578335,0.203526,0.014953,0.005698,0.004281,0.22879,0.457248,7.722721
1999 November,1.689054,1.771239,3.033627,6.502595,0.632772,0.216417,0.014216,0.004523,0.003622,0.255675,0.494454,7.641868
1999 December,1.828883,2.2761,3.336966,7.447807,0.706037,0.255344,0.015328,0.004233,0.005155,0.236623,0.516683,8.680406
2000 January,2.021217,2.586507,3.09042,7.702199,0.737981,0.258518,0.014724,0.003257,0.006583,0.222442,0.505523,8.955636
2000 February,1.833478,2.390781,3.000436,7.232085,0.669318,0.229354,0.013606,0.003626,0.007201,0.245205,0.498993,8.411859
2000 March,1.799109,2.129675,3.146927,7.081491,0.654279,0.272397,0.013848,0.004978,0.003571,0.263681,0.558474,8.30332
2000 April,1.629003,1.866071,2.994027,6.49523,0.607585,0.290623,0.014367,0.005555,0.003367,0.253235,0.567147,7.678507
2000 May,1.776114,1.772935,3.242206,6.798996,0.667205,0.279719,0.013885,0.006275,0.004163,0.254782,0.558824,8.0351
2000 June,1.928198,1.650324,3.209719,6.792499,0.701857,0.256913,0.013563,0.006362,0.00456,0.226346,0.507743,8.012121
2000 July,2.008226,1.705206,3.260942,6.979875,0.719306,0.246155,0.013983,0.006897,0.003876,0.254682,0.525592,8.239752
2000 August,2.078449,1.850883,3.393196,7.330441,0.701102,0.224228,0.014003,0.00667,0.00384,0.256683,0.505423,8.552419
2000 September,1.854721,1.595644,3.182131,6.639465,0.607662,0.181584,0.011971,0.006095,0.003391,0.240508,0.443549,7.701913
2000 October,1.839302,1.642844,3.260364,6.748172,0.547207,0.175315,0.012837,0.005391,0.004197,0.271693,0.469432,7.770346
2000 November,1.826174,1.968807,3.069444,6.868116,0.58894,0.195459,0.013383,0.00429,0.008396,0.262899,0.484428,7.949186
2000 December,1.985538,2.664303,3.416092,8.066208,0.65991,0.200852,0.014194,0.004035,0.003914,0.256071,0.479066,9.206359
2001 January,2.002949,2.74295,3.316181,8.064967,0.717508,0.194798,0.014612,0.003102,0.004022,0.230534,0.447068,9.235907
2001 February,1.731656,2.366588,2.933442,7.033605,0.639868,0.180547,0.012812,0.003401,0.004456,0.203263,0.40448,8.079536
2001 March,1.788025,2.301316,3.279162,7.371204,0.648935,0.211591,0.014206,0.004833,0.005498,0.220006,0.456134,8.48219
2001 April,1.620019,1.851132,3.153795,6.629955,0.58484,0.186128,0.013162,0.005368,0.007075,0.2128,0.424534,7.647441
2001 May,1.748867,1.558642,3.239854,6.550816,0.642374,0.198142,0.01298,0.006322,0.006562,0.210861,0.434866,7.637838
2001 June,1.860899,1.479031,3.149053,6.491425,0.710365,0.214179,0.013088,0.006475,0.006919,0.210598,0.451259,7.661305
2001 July,2.049665,1.635115,3.300123,6.98479,0.722301,0.186812,0.014087,0.006759,0.006561,0.224217,0.438436,8.153538
2001 August,2.089949,1.709253,3.342616,7.144194,0.714192,0.195436,0.01397,0.00663,0.005964,0.223552,0.445553,8.312785
2001 September,1.792281,1.529042,3.028213,6.349958,0.661861,0.157641,0.013617,0.005913,0.005066,0.213593,0.395828,7.409745
2001 October,1.726261,1.687909,3.261637,6.679905,0.631394,0.157418,0.013913,0.004994,0.00627,0.229675,0.412271,7.726907
2001 November,1.674629,1.740611,3.080645,6.497628,0.651034,0.159262,0.013805,0.004067,0.004861,0.219018,0.401013,7.553598
2001 December,1.829069,2.170971,3.104936,7.107297,0.704181,0.199905,0.014208,0.003762,0.006362,0.224239,0.448477,8.268881
2002 January,1.848766,2.541086,3.187051,7.576572,0.740608,0.22172,0.015114,0.003056,0.008254,0.226851,0.474995,8.800585
2002 February,1.634422,2.290544,2.858208,6.786014,0.643836,0.20541,0.013339,0.003409,0.007263,0.19937,0.428791,7.865227
2002 March,1.713009,2.30598,3.222397,7.249259,0.65827,0.213723,0.014682,0.004819,0.008668,0.214601,0.456493,8.369233
2002 April,1.616337,1.921276,3.126378,6.662827,0.6102,0.246661,0.013292,0.00528,0.010421,0.212366,0.48802,7.766783
2002 May,1.718424,1.64523,3.253652,6.621556,0.658182,0.27124,0.014386,0.0059,0.010963,0.224755,0.527243,7.809119
2002 June,1.861288,1.624904,3.177696,6.666297,0.693055,0.287009,0.013659,0.006334,0.011458,0.214539,0.532998,7.89854
2002 July,2.053634,1.784155,3.314431,7.161452,0.735334,0.259113,0.014857,0.006499,0.009059,0.236261,0.525788,8.434812
2002 August,2.033812,1.761258,3.3338,7.136097,0.739061,0.214487,0.0145,0.006332,0.009936,0.223963,0.469217,8.354479
2002 September,1.875494,1.574066,3.101617,6.559709,0.673308,0.173824,0.014109,0.005616,0.007486,0.229971,0.431005,7.669512
2002 October,1.817247,1.679165,3.226875,6.729602,0.631668,0.174684,0.014581,0.004945,0.007471,0.243674,0.445355,7.811137
2002 November,1.787389,1.953127,3.168064,6.918835,0.642395,0.200714,0.014051,0.004085,0.006673,0.232533,0.458055,8.022469
2002 December,1.944168,2.429293,3.255396,7.632177,0.719511,0.220434,0.014594,0.003649,0.007683,0.241737,0.488097,8.841583
2003 January,2.018845,2.769865,3.257982,8.04799,0.721318,0.208576,0.015061,0.003003,0.006402,0.234717,0.467759,9.241591
2003 February,1.774317,2.564363,3.007114,7.359266,0.635136,0.200271,0.013547,0.003273,0.007547,0.216118,0.440756,8.438335
2003 March,1.756996,2.253849,3.243312,7.257677,0.624624,0.245048,0.014607,0.004768,0.010491,0.231195,0.506109,8.389685
2003 April,1.616938,1.787626,3.161505,6.570038,0.591715,0.250685,0.014062,0.005307,0.011064,0.228736,0.509854,7.674462
2003 May,1.710249,1.55118,3.199266,6.462508,0.648269,0.297627,0.01416,0.005873,0.01019,0.229825,0.557675,7.669815
2003 June,1.845179,1.401748,3.179136,6.429792,0.668892,0.289436,0.014633,0.006149,0.010602,0.227395,0.548216,7.648233
2003 July,2.046458,1.639346,3.330119,7.020645,0.725921,0.251536,0.01476,0.006124,0.009653,0.241766,0.523839,8.278264
2003 August,2.076858,1.691505,3.399834,7.169146,0.719367,0.232592,0.014674,0.006062,0.008256,0.240779,0.502364,8.398404
2003 September,1.865606,1.463482,3.173635,6.506357,0.662669,0.187115,0.014437,0.005522,0.009062,0.229274,0.445411,7.613088
2003 October,1.802107,1.591264,3.319278,6.716763,0.625489,0.186588,0.014431,0.004876,0.009084,0.237129,0.452108,7.789586
2003 November,1.813367,1.796227,3.147608,6.76027,0.621151,0.199617,0.013908,0.003848,0.009735,0.236682,0.46379,7.842581
2003 December,1.994007,2.320191,3.37101,7.691436,0.715071,0.243449,0.015164,0.003561,0.011187,0.252855,0.526215,8.933464
2004 January,2.025102,2.738805,3.336178,8.10414,0.738367,0.230201,0.015493,0.002972,0.01001,0.256495,0.515171,9.35811
2004 February,1.830837,2.570153,3.186661,7.596868,0.668455,0.209471,0.014522,0.003177,0.010232,0.238543,0.475944,8.740869
2004 March,1.746479,2.149567,3.364756,7.27035,0.659937,0.229509,0.014954,0.004757,0.012933,0.24863,0.510784,8.437923
2004 April,1.616,1.785159,3.27418,6.698935,0.611292,0.209214,0.014075,0.005229,0.012969,0.248412,0.489899,7.800141
2004 May,1.779319,1.607812,3.34873,6.77311,0.676959,0.240581,0.014619,0.005962,0.017044,0.244964,0.52317,7.973838
2004 June,1.886474,1.520787,3.318754,6.746149,0.706331,0.252927,0.014709,0.00607,0.013994,0.246754,0.534455,7.989125
2004 July,2.042463,1.623573,3.4533,7.12872,0.750556,0.233556,0.01532,0.00627,0.011662,0.257191,0.523999,8.413157
2004 August,2.015186,1.613918,3.470704,7.10662,0.741102,0.216265,0.015116,0.006121,0.010524,0.254388,0.502414,8.361833
2004 September,1.8778,1.51531,3.275529,6.666848,0.687539,0.205581,0.014345,0.005524,0.010914,0.243852,0.480217,7.837847
2004 October,1.80633,1.591805,3.421785,6.826267,0.652067,0.18893,0.015308,0.004817,0.010305,0.254761,0.474121,7.95608
2004 November,1.819334,1.823223,3.303931,6.952183,0.614635,0.209705,0.014582,0.00383,0.009337,0.248184,0.485639,8.057561
2004 December,2.020872,2.382949,3.472159,7.883495,0.715534,0.262527,0.015104,0.003567,0.011739,0.265897,0.558834,9.163219
2005 January,2.012518,2.629461,3.370877,8.023561,0.728728,0.242697,0.015391,0.002918,0.011315,0.265619,0.53794,9.295272
2005 February,1.77599,2.300506,3.06996,7.159516,0.636042,0.216046,0.013222,0.003183,0.009664,0.247041,0.489156,8.290854
2005 March,1.845437,2.261281,3.443967,7.559638,0.642216,0.229338,0.014912,0.004587,0.015605,0.259499,0.52394,8.733945
2005 April,1.637086,1.767992,3.211299,6.622741,0.579031,0.230561,0.014648,0.005218,0.016973,0.246323,0.513723,7.721768
2005 May,1.748602,1.560987,3.401041,6.715461,0.65716,0.272758,0.015513,0.005929,0.017463,0.256686,0.568348,7.94615
2005 June,1.953828,1.571608,3.395189,6.921658,0.690282,0.267803,0.015257,0.006048,0.017967,0.255114,0.56219,8.179557
2005 July,2.094019,1.72836,3.447804,7.275433,0.741687,0.259542,0.015596,0.006144,0.014208,0.267028,0.562518,8.58919
2005 August,2.116709,1.736863,3.571563,7.421628,0.744938,0.215635,0.015407,0.006122,0.011379,0.26873,0.517274,8.695843
2005 September,1.93733,1.456699,3.235865,6.627105,0.696488,0.173619,0.015003,0.005503,0.014682,0.255836,0.464644,7.794536
2005 October,1.851885,1.462061,3.35342,6.666129,0.639055,0.180046,0.015341,0.004835,0.01446,0.262388,0.477071,7.78864
2005 November,1.802265,1.704151,3.288561,6.796117,0.656557,0.193507,0.014973,0.003785,0.016095,0.258577,0.486937,7.946623
2005 December,2.020875,2.385397,3.513287,7.919944,0.748627,0.221389,0.015438,0.0035,0.018276,0.271089,0.529692,9.205343
2006 January,1.909554,2.220166,3.346207,7.477939,0.750397,0.272144,0.015313,0.003137,0.023633,0.27522,0.589448,8.822708
2006 February,1.780597,2.198556,3.029117,7.011982,0.653394,0.245611,0.013834,0.003437,0.019064,0.245044,0.52699,8.19774
2006 March,1.81381,2.179727,3.370244,7.37038,0.664927,0.244251,0.015628,0.004801,0.023395,0.263614,0.551689,8.592652
2006 April,1.602757,1.723031,3.202963,6.532256,0.600714,0.283244,0.014216,0.005442,0.024517,0.252265,0.579684,7.717442
2006 May,1.765643,1.564935,3.352071,6.686234,0.655064,0.305688,0.013984,0.006139,0.024388,0.267851,0.618051,7.964308
2006 June,1.903022,1.588425,3.329326,6.826379,0.713665,0.295163,0.014911,0.006178,0.020351,0.27164,0.608243,8.15313
2006 July,2.101758,1.802412,3.394419,7.302315,0.753266,0.252333,0.015628,0.006371,0.019392,0.280203,0.573928,8.639978
2006 August,2.123005,1.79505,3.519124,7.439777,0.751488,0.215524,0.015902,0.006523,0.016418,0.282741,0.537108,8.738868
2006 September,1.843209,1.497401,3.260039,6.613497,0.695413,0.170621,0.015112,0.005734,0.018639,0.273896,0.484003,7.792915
2006 October,1.84049,1.684294,3.391945,6.929442,0.60011,0.16917,0.015766,0.005058,0.024223,0.282458,0.496677,8.027435
2006 November,1.807172,1.809025,3.253062,6.870278,0.640629,0.201075,0.014993,0.004042,0.025199,0.277249,0.522558,8.036054
2006 December,1.956143,2.175717,3.37512,7.509844,0.73556,0.21421,0.015913,0.003716,0.024517,0.289959,0.548315,8.801261
2007 January,1.991341,2.535185,3.318219,7.847951,0.776251,0.257426,0.016297,0.003341,0.024239,0.295687,0.596989,9.22768
2007 February,1.834678,2.629609,3.109622,7.57463,0.684143,0.183513,0.014248,0.003655,0.024906,0.26465,0.49097,8.759425
2007 March,1.795345,2.179702,3.333126,7.306984,0.674497,0.238832,0.015392,0.005253,0.030117,0.287435,0.577029,8.564661
2007 April,1.664669,1.853482,3.230168,6.749765,0.601035,0.236135,0.014824,0.005799,0.031349,0.277639,0.565746,7.926195
2007 May,1.774994,1.598472,3.360324,6.736554,0.682043,0.257448,0.014904,0.00664,0.029181,0.285363,0.593537,8.024021
2007 June,1.947326,1.592406,3.263389,6.80869,0.722934,0.225519,0.015616,0.006695,0.0259,0.284184,0.557915,8.100405
2007 July,2.082997,1.700412,3.374436,7.156392,0.762954,0.22217,0.015849,0.007,0.021333,0.295092,0.561445,8.493654
2007 August,2.133506,1.942316,3.427591,7.505847,0.763084,0.197092,0.015891,0.006831,0.026681,0.295746,0.542241,8.823083
2007 September,1.907819,1.628035,3.20847,6.747734,0.708832,0.145715,0.015414,0.006227,0.028335,0.28664,0.482331,7.943613
2007 October,1.831655,1.66616,3.319656,6.817319,0.647062,0.146248,0.015989,0.005548,0.033374,0.302388,0.503546,7.974792
2007 November,1.801219,1.877753,3.21036,6.894232,0.680729,0.155001,0.015347,0.004392,0.030591,0.296006,0.501338,8.084943
2007 December,1.983916,2.459226,3.333891,7.780569,0.755027,0.181289,0.016003,0.003994,0.034497,0.313995,0.549778,9.092282
2008 January,2.025644,2.802167,3.246669,8.078285,0.739318,0.204758,0.015825,0.003698,0.042108,0.327188,0.593576,9.422273
2008 February,1.866872,2.565362,2.993982,7.428052,0.680743,0.185146,0.014369,0.004166,0.037955,0.299991,0.541627,8.660841
2008 March,1.801188,2.333853,3.173738,7.316373,0.676417,0.213526,0.016239,0.005989,0.047122,0.313922,0.596797,8.596909
2008 April,1.667478,1.867975,3.085869,6.628897,0.599242,0.219093,0.01579,0.006718,0.05149,0.31325,0.606341,7.843806
2008 May,1.754297,1.614659,3.180886,6.552584,0.67756,0.268237,0.016318,0.007365,0.052623,0.320296,0.664841,7.902873
2008 June,1.918698,1.643025,3.059626,6.630284,0.734978,0.287514,0.016206,0.007713,0.050653,0.311788,0.673874,8.04851
2008 July,2.092275,1.750827,3.1377,6.986437,0.776775,0.25182,0.016514,0.007864,0.039499,0.33018,0.645877,8.423805
2008 August,2.045647,1.723791,3.082003,6.852222,0.758994,0.209193,0.016454,0.007738,0.032167,0.33184,0.597394,8.223423
2008 September,1.836245,1.494838,2.780548,6.11379,0.700847,0.15942,0.015944,0.007024,0.03066,0.319736,0.532783,7.357858
2008 October,1.736712,1.673995,3.162992,6.574584,0.656598,0.152441,0.016495,0.006164,0.04687,0.331946,0.553915,7.790578
2008 November,1.741143,1.913676,2.943243,6.599461,0.662742,0.154392,0.01594,0.004853,0.049207,0.324878,0.549271,7.815643
2008 December,1.901237,2.458786,3.059565,7.417014,0.762278,0.205569,0.016339,0.004521,0.065193,0.326377,0.617999,8.804236
2009 January,1.903992,2.79216,3.037999,7.732515,0.775038,0.229265,0.01714,0.003806,0.05808,0.313375,0.621666,9.1361
2009 February,1.581659,2.384794,2.698656,6.66401,0.671752,0.173845,0.015517,0.004324,0.057117,0.285834,0.536638,7.880433
2009 March,1.536126,2.218983,2.972674,6.726348,0.703269,0.213036,0.017252,0.006311,0.069287,0.316999,0.622885,8.056741
2009 April,1.421731,1.779264,2.867232,6.065733,0.621353,0.251513,0.016341,0.007085,0.072787,0.307113,0.65484,7.348086
2009 May,1.485788,1.536921,2.883051,5.904106,0.683971,0.288502,0.016616,0.007828,0.061117,0.322934,0.696998,7.294413
2009 June,1.654827,1.561083,2.902411,6.116772,0.729356,0.285318,0.016212,0.007821,0.05465,0.323378,0.687379,7.544098
2009 July,1.759589,1.694878,2.948202,6.400807,0.762973,0.228235,0.016814,0.008333,0.04836,0.343438,0.64518,7.822878
2009 August,1.810859,1.775076,2.999252,6.581857,0.755606,0.191105,0.016773,0.008211,0.053333,0.348562,0.617984,7.970716
2009 September,1.554736,1.608916,2.849973,6.01186,0.687698,0.169421,0.016289,0.007381,0.045391,0.330354,0.568836,7.278935
2009 October,1.579969,1.702122,2.955811,6.234322,0.606841,0.192185,0.016479,0.006547,0.066501,0.34668,0.628391,7.480996
2009 November,1.549706,1.814114,2.829693,6.192559,0.617805,0.205035,0.016841,0.005219,0.067102,0.342917,0.637115,7.456171
2009 December,1.852224,2.547629,3.014089,7.411488,0.739558,0.241363,0.017912,0.004787,0.067403,0.354453,0.685917,8.848046
2010 January,1.917331,2.86903,2.903811,7.685959,0.758495,0.218369,0.017852,0.004357,0.066871,0.358767,0.666216,9.124795
2010 February,1.708841,2.533045,2.658782,6.904617,0.681945,0.200874,0.015872,0.004914,0.052993,0.334415,0.609068,8.207192
2010 March,1.638165,2.186711,3.003572,6.830696,0.675562,0.203761,0.017801,0.00707,0.083795,0.366376,0.678802,8.195464
2010 April,1.446342,1.725374,2.916797,6.089072,0.602151,0.186307,0.01699,0.008071,0.095262,0.357331,0.663961,7.364082
2010 May,1.620805,1.648905,2.975354,6.247074,0.696713,0.244673,0.017839,0.009195,0.084853,0.365886,0.722446,7.670747
2010 June,1.847581,1.682136,2.986409,6.517209,0.713885,0.291254,0.017219,0.009487,0.078526,0.366228,0.762715,8.002324
2010 July,1.998568,1.862228,3.042865,6.903787,0.75164,0.239186,0.017479,0.009731,0.065598,0.377348,0.709342,8.374365
2010 August,1.99481,1.916484,3.10323,7.015958,0.748093,0.196283,0.017706,0.009598,0.065227,0.378974,0.667788,8.438044
2010 September,1.696615,1.669663,2.966336,6.33206,0.725068,0.168439,0.01711,0.008704,0.069321,0.365835,0.62941,7.688314
2010 October,1.52186,1.69746,2.975283,6.192601,0.655872,0.172515,0.016975,0.007446,0.0775,0.375455,0.649891,7.499839
2010 November,1.563713,2.013095,2.879776,6.450838,0.654872,0.190842,0.017108,0.006253,0.095098,0.371843,0.681145,7.789563
2010 December,1.879339,2.770623,3.076541,7.721435,0.770138,0.226037,0.018027,0.005658,0.088383,0.386798,0.724903,9.22533
2011 January,1.88754,2.947202,2.953138,7.788,0.761181,0.24806,0.01848,0.00545,0.083077,0.377973,0.73304,9.291391
2011 February,1.559705,2.50194,2.648266,6.710337,0.677953,0.234459,0.016676,0.006287,0.101547,0.346556,0.705526,8.101391
2011 March,1.543832,2.27445,3.009744,6.83015,0.687083,0.302503,0.018388,0.008709,0.102452,0.377626,0.809677,8.33538
2011 April,1.420945,1.860165,2.82686,6.108248,0.570783,0.303084,0.017258,0.009882,0.120689,0.357935,0.808848,7.495372
2011 May,1.550327,1.698892,2.883652,6.134697,0.596583,0.316615,0.018194,0.011003,0.114378,0.371818,0.832008,7.575646
2011 June,1.757176,1.688805,2.918988,6.366393,0.682987,0.312381,0.01702,0.011397,0.106731,0.382397,0.829926,7.89011
2011 July,1.952516,1.926916,2.939808,6.819269,0.757017,0.303962,0.017723,0.011549,0.07276,0.382675,0.788668,8.381223
2011 August,1.916144,1.92815,3.047054,6.895478,0.746487,0.250319,0.017777,0.011818,0.072613,0.39502,0.747548,8.405122
2011 September,1.613884,1.686983,2.872438,6.173848,0.699506,0.207705,0.017127,0.010553,0.066739,0.373556,0.67568,7.559337
2011 October,1.475112,1.777421,2.947141,6.199324,0.662758,0.192254,0.017836,0.009517,0.102265,0.381839,0.703711,7.575302
2011 November,1.425056,2.07127,2.879354,6.373963,0.674655,0.200932,0.01757,0.007583,0.120853,0.383188,0.730127,7.786734
2011 December,1.555548,2.592346,2.902269,7.052432,0.751706,0.23058,0.018261,0.00738,0.103532,0.403577,0.763329,8.579019
2012 January,1.491043,2.816977,2.846198,7.156369,0.758482,0.219888,0.0174,0.007174,0.129726,0.376126,0.750313,8.676135
2012 February,1.338104,2.555762,2.710822,6.604783,0.669053,0.193017,0.016387,0.008042,0.105171,0.359486,0.682103,7.965389
2012 March,1.232736,2.173561,2.825954,6.234794,0.646854,0.246546,0.017608,0.011508,0.133476,0.378783,0.78792,7.679829
2012 April,1.112027,1.994864,2.745283,5.8581,0.585471,0.250215,0.017084,0.013291,0.120941,0.36331,0.764841,7.221172
2012 May,1.329279,1.913537,2.89733,6.140801,0.650551,0.272562,0.017787,0.015727,0.119336,0.382597,0.808009,7.614108
2012 June,1.497893,1.90813,2.855948,6.261818,0.682603,0.253685,0.017361,0.016442,0.113928,0.376007,0.777424,7.736037
2012 July,1.789989,2.114077,2.899125,6.803007,0.724406,0.252091,0.017946,0.016844,0.083946,0.378399,0.749225,8.295973
2012 August,1.718283,2.051682,2.992297,6.762117,0.729361,0.219192,0.017786,0.016261,0.08059,0.389384,0.723214,8.233448
2012 September,1.455586,1.845379,2.734591,6.034276,0.67601,0.167517,0.017576,0.015186,0.083642,0.363891,0.647812,7.371753
2012 October,1.402746,1.941321,2.908887,6.249813,0.626049,0.15702,0.018027,0.013973,0.120241,0.377714,0.686974,7.575329
2012 November,1.472029,2.214645,2.792317,6.476348,0.594293,0.178257,0.018023,0.011399,0.110848,0.367175,0.685703,7.769633
2012 December,1.53852,2.55865,2.803187,6.900514,0.718688,0.218713,0.018608,0.011002,0.138215,0.379082,0.76562,8.396173
2013 January,1.572497,2.95182,2.906336,7.430083,0.746119,0.236889,0.018578,0.010449,0.14062,0.390922,0.797458,8.988408
2013 February,1.41441,2.632217,2.602226,6.649483,0.64244,0.194813,0.016666,0.012205,0.134295,0.35642,0.714398,8.02081
2013 March,1.481315,2.584486,2.869632,6.932631,0.657737,0.195918,0.018543,0.017039,0.150325,0.399786,0.78161,8.387762
2013 April,1.28707,2.015981,2.788914,6.090507,0.593157,0.239451,0.017376,0.018627,0.166741,0.388583,0.830778,7.528009
2013 May,1.363673,1.795051,2.92213,6.081129,0.6567,0.271442,0.01787,0.020722,0.154933,0.405196,0.870164,7.625102
2013 June,1.564343,1.785401,2.832115,6.178806,0.694124,0.261271,0.017415,0.02197,0.131171,0.40667,0.838497,7.730239
2013 July,1.722982,1.973521,3.003111,6.697645,0.737064,0.260036,0.018148,0.022251,0.105844,0.418067,0.824346,8.279091
2013 August,1.700671,1.974609,2.983315,6.656835,0.745477,0.206403,0.018011,0.023201,0.091917,0.415351,0.754883,8.178154
2013 September,1.520094,1.810038,2.899882,6.229235,0.687533,0.161826,0.017616,0.021998,0.111382,0.401093,0.713915,7.647513
2013 October,1.401506,1.912351,2.988074,6.300904,0.660205,0.164092,0.018402,0.021221,0.130092,0.420591,0.754397,7.730343
2013 November,1.393993,2.374758,2.912221,6.678161,0.678929,0.168655,0.016959,0.017543,0.150779,0.412982,0.766918,8.13992
2013 December,1.616079,2.994905,2.911753,7.520639,0.744947,0.201585,0.018423,0.017297,0.13326,0.434552,0.805117,9.085094
2014 January,1.74661,3.301739,2.947158,7.994671,0.765208,0.205737,0.018279,0.016515,0.170336,0.41271,0.823577,9.597733
2014 February,1.599885,2.824408,2.636315,7.059036,0.655141,0.165437,0.016342,0.01791,0.133222,0.377479,0.71039,8.435297
2014 March,1.52349,2.634668,2.850529,7.008081,0.652611,0.230685,0.018114,0.026148,0.168668,0.416351,0.859967,8.533102
2014 April,1.239603,2.019421,2.833863,6.091716,0.589726,0.241934,0.017711,0.028987,0.177224,0.404942,0.870797,7.564023
2014 May,1.356781,1.862981,2.89532,6.113219,0.658367,0.252432,0.018064,0.03304,0.148369,0.416183,0.868088,7.655245
2014 June,1.558821,1.796176,2.841494,6.195706,0.712658,0.244824,0.017519,0.03482,0.150247,0.416599,0.864009,7.78755
2014 July,1.70228,1.935907,3.001872,6.63807,0.752422,0.231639,0.017942,0.03425,0.115902,0.43211,0.831844,8.240312
2014 August,1.69355,1.989587,3.006707,6.686854,0.743936,0.188367,0.018034,0.034982,0.096722,0.433629,0.771733,8.222363
2014 September,1.456971,1.86203,2.899404,6.215845,0.706343,0.152867,0.017654,0.03314,0.109553,0.40914,0.722353,7.662517
2014 October,1.304013,1.968636,3.061133,6.331868,0.652547,0.163184,0.018185,0.030819,0.13797,0.423665,0.773824,7.773324
2014 November,1.375805,2.427781,2.895906,6.697336,0.681301,0.177123,0.018176,0.025012,0.179424,0.414051,0.813787,8.208486
2014 December,1.439824,2.759504,3.005164,7.201372,0.767299,0.212347,0.018469,0.021317,0.139904,0.435367,0.827405,8.810716
2015 January,1.498062,3.225121,2.970611,7.691734,0.776715,0.224946,0.018085,0.020995,0.141296,0.401965,0.807287,9.293552
2015 February,1.408891,3.02876,2.737802,7.174207,0.66368,0.207684,0.016614,0.025004,0.139054,0.372626,0.760981,8.613263
2015 March,1.238275,2.682045,2.995282,6.91495,0.67503,0.226274,0.018384,0.034845,0.142655,0.404461,0.826618,8.436007
2015 April,1.036587,2.077147,2.889086,6.000883,0.625226,0.209407,0.017077,0.039485,0.166504,0.393021,0.825494,7.47188
2015 May,1.206388,1.92174,2.996225,6.121853,0.688414,0.187549,0.018348,0.042436,0.159833,0.414061,0.822227,7.652991
2015 June,1.438646,1.965222,2.984,6.385044,0.716542,0.190239,0.017349,0.043128,0.125073,0.41218,0.787969,7.91029
2015 July,1.586788,2.139057,3.13272,6.857792,0.746829,0.195832,0.018036,0.044854,0.127442,0.42683,0.812993,8.438936
2015 August,1.530787,2.12351,3.100442,6.753526,0.75732,0.178199,0.017919,0.045162,0.121893,0.426481,0.789654,8.322715
2015 September,1.351456,1.966653,2.918656,6.236801,0.69521,0.149981,0.016429,0.038882,0.130201,0.407627,0.743119,7.69527
2015 October,1.137837,2.055676,3.016086,6.207941,0.633451,0.154979,0.017722,0.034208,0.152646,0.409665,0.769219,7.626183
2015 November,1.045014,2.32738,2.849594,6.219579,0.63024,0.180209,0.017647,0.029576,0.183414,0.406717,0.817563,7.685082
2015 December,1.070137,2.678785,3.015001,6.763382,0.728229,0.21588,0.018225,0.027154,0.187297,0.422299,0.870855,8.379869
2016 January,1.29718,3.204385,2.936016,7.436633,0.758537,0.236473,0.017675,0.025996,0.170482,0.397691,0.848318,9.062844
2016 February,1.074345,2.748316,2.864388,6.686782,0.686509,0.222851,0.01651,0.035041,0.185916,0.387313,0.847633,8.236551
2016 March,0.867377,2.441555,3.050501,6.358956,0.691851,0.252863,0.01752,0.043282,0.202545,0.408107,0.924317,7.99142
2016 April,0.844204,2.159357,2.908338,5.910763,0.656112,0.238906,0.016366,0.047932,0.192019,0.381701,0.876924,7.456805
2016 May,0.960164,2.037967,2.99267,5.990027,0.696324,0.23529,0.017766,0.055174,0.174004,0.408468,0.890702,7.593371
2016 June,1.314479,2.073796,2.988869,6.377202,0.702587,0.214523,0.016758,0.056232,0.150513,0.406643,0.844669,7.943884
2016 July,1.528865,2.267167,3.068078,6.862796,0.735784,0.198076,0.017484,0.061492,0.162653,0.422908,0.862611,8.48308
2016 August,1.521198,2.289604,3.16082,6.969061,0.748095,0.180666,0.017604,0.060982,0.125457,0.42861,0.813319,8.5509
2016 September,1.296259,2.019128,2.968069,6.281911,0.684522,0.151106,0.017453,0.055312,0.151438,0.40442,0.779729,7.759645
2016 October,1.147161,1.99514,3.049592,6.18882,0.63521,0.160072,0.017871,0.048917,0.187736,0.407342,0.821938,7.661902
2016 November,1.022244,2.238079,2.946229,6.201731,0.681705,0.173638,0.017796,0.041301,0.179153,0.413121,0.825008,7.72721
2016 December,1.352427,2.970561,3.083378,7.404087,0.749517,0.207976,0.018801,0.037004,0.213679,0.446932,0.924392,9.093117
2017 January,1.313951,3.001367,2.964154,7.276251,0.764768,0.25714,0.018313,0.034568,0.191551,0.405465,0.907038,8.964341
2017 February,1.011153,2.409533,2.663378,6.082864,0.664778,0.226569,0.016331,0.039401,0.205211,0.373951,0.861462,7.62089
2017 March,1.028998,2.614332,3.105535,6.747331,0.68081,0.278999,0.018132,0.064409,0.241257,0.413893,1.01669,8.457242
2017 April,0.93823,1.990285,2.932061,5.859229,0.593479,0.270679,0.01775,0.070208,0.237751,0.393478,0.989866,7.457145
2017 May,1.066774,1.962825,3.110124,6.138517,0.64127,0.297058,0.017349,0.082084,0.20903,0.414722,1.020243,7.81425
2017 June,1.220717,1.976377,3.078518,6.273102,0.700866,0.280873,0.016895,0.087309,0.181973,0.414109,0.981159,7.971095
2017 July,1.43748,2.206517,3.105567,6.748354,0.745875,0.237678,0.018021,0.081295,0.145542,0.422655,0.905191,8.414916
2017 August,1.361073,2.17792,3.148298,6.683822,0.757067,0.196095,0.017921,0.079435,0.120836,0.429527,0.843814,8.301831
2017 September,1.143596,1.98863,2.946221,6.076344,0.712236,0.175081,0.017456,0.074195,0.159419,0.399021,0.825171,7.626821
2017 October,1.054771,2.103296,3.067058,6.220874,0.690239,0.158887,0.017034,0.06826,0.229149,0.414404,0.887735,7.812182
2017 November,1.069844,2.427642,3.033043,6.527498,0.696756,0.183167,0.017536,0.047416,0.215291,0.410951,0.87436,8.11286
2017 December,1.215133,3.17566,3.087014,7.474357,0.770824,0.207784,0.018253,0.045697,0.210266,0.421076,0.903076,9.162649
2018 January,1.341394,3.43427,3.138615,7.910463,0.780754,0.234696,0.018072,0.048632,0.247728,0.421212,0.970341,9.676835
2018 February,0.970106,2.763843,2.72166,6.454283,0.677639,0.236277,0.016896,0.057253,0.220974,0.376702,0.908102,8.053161
2018 March,0.936663,2.852821,3.160156,6.947337,0.701095,0.238991,0.018179,0.074537,0.251803,0.416954,1.000463,8.663496
