Month,Biofuels Production,Total Biomass Energy Production,Total Renewable Energy Production,Hydroelectric Power Consumption,Geothermal Energy Consumption,Solar Energy Consumption,Wind Energy Consumption,Wood Energy Consumption,Waste Energy Consumption,Biofuels Consumption,Total Biomass Energy Consumption,Total Renewable Energy Consumption
1973 January,Not Available,129.787,403.981,272.703,1.491,Not Available,Not Available,129.63,0.157,Not Available,129.787,403.981
1973 February,Not Available,117.338,360.9,242.199,1.363,Not Available,Not Available,117.194,0.144,Not Available,117.338,360.9
1973 March,Not Available,129.938,400.161,268.81,1.412,Not Available,Not Available,129.763,0.176,Not Available,129.938,400.161
1973 April,Not Available,125.636,380.47,253.185,1.649,Not Available,Not Available,125.462,0.174,Not Available,125.636,380.47
1973 May,Not Available,129.834,392.141,260.77,1.537,Not Available,Not Available,129.624,0.21,Not Available,129.834,392.141
1973 June,Not Available,125.611,377.232,249.859,1.763,Not Available,Not Available,125.435,0.176,Not Available,125.611,377.232
1973 July,Not Available,129.787,367.325,235.67,1.869,Not Available,Not Available,129.616,0.17,Not Available,129.787,367.325
1973 August,Not Available,129.918,353.757,222.077,1.762,Not Available,Not Available,129.734,0.184,Not Available,129.918,353.757
1973 September,Not Available,125.782,307.006,179.733,1.492,Not Available,Not Available,125.603,0.178,Not Available,125.782,307.006
1973 October,Not Available,129.97,323.453,191.723,1.76,Not Available,Not Available,129.769,0.2,Not Available,129.97,323.453
1973 November,Not Available,125.643,337.817,210.285,1.889,Not Available,Not Available,125.492,0.151,Not Available,125.643,337.817
1973 December,Not Available,129.824,406.694,274.435,2.435,Not Available,Not Available,129.69,0.135,Not Available,129.824,406.694
1974 January,Not Available,130.807,437.467,304.506,2.154,Not Available,Not Available,130.655,0.152,Not Available,130.807,437.467
1974 February,Not Available,118.091,399.942,279.95,1.901,Not Available,Not Available,117.949,0.142,Not Available,118.091,399.942
1974 March,Not Available,130.727,423.474,290.582,2.165,Not Available,Not Available,130.579,0.148,Not Available,130.727,423.474
1974 April,Not Available,126.583,422.323,293.702,2.039,Not Available,Not Available,126.441,0.142,Not Available,126.583,422.323
1974 May,Not Available,130.789,427.657,294.828,2.04,Not Available,Not Available,130.659,0.129,Not Available,130.789,427.657
1974 June,Not Available,126.611,409.281,280.695,1.975,Not Available,Not Available,126.432,0.179,Not Available,126.611,409.281
1974 July,Not Available,130.756,409.719,276.772,2.191,Not Available,Not Available,130.548,0.208,Not Available,130.756,409.719
1974 August,Not Available,130.763,386.101,253.175,2.163,Not Available,Not Available,130.574,0.189,Not Available,130.763,386.101
1974 September,Not Available,126.637,353.91,225.274,1.999,Not Available,Not Available,126.454,0.183,Not Available,126.637,353.91
1974 October,Not Available,130.718,343.703,210.955,2.03,Not Available,Not Available,130.562,0.156,Not Available,130.718,343.703
1974 November,Not Available,126.506,351.633,222.713,2.414,Not Available,Not Available,126.352,0.155,Not Available,126.506,351.633
1974 December,Not Available,130.674,376.642,243.428,2.54,Not Available,Not Available,130.555,0.119,Not Available,130.674,376.642
1975 January,Not Available,127.269,392.756,263.371,2.117,Not Available,Not Available,127.128,0.14,Not Available,127.269,392.756
1975 February,Not Available,114.942,368.278,251.317,2.019,Not Available,Not Available,114.829,0.113,Not Available,114.942,368.278
1975 March,Not Available,127.251,423.49,293.961,2.277,Not Available,Not Available,127.127,0.124,Not Available,127.251,423.49
1975 April,Not Available,123.139,405.368,279.947,2.281,Not Available,Not Available,123.022,0.117,Not Available,123.139,405.368
1975 May,Not Available,127.303,421.283,291.504,2.475,Not Available,Not Available,127.13,0.173,Not Available,127.303,421.283
1975 June,Not Available,123.241,411.622,285.31,3.07,Not Available,Not Available,123.048,0.193,Not Available,123.241,411.622
1975 July,Not Available,127.288,398.459,268.081,3.091,Not Available,Not Available,127.125,0.163,Not Available,127.288,398.459
1975 August,Not Available,127.321,368.23,237.557,3.351,Not Available,Not Available,127.136,0.185,Not Available,127.321,368.23
1975 September,Not Available,123.21,341.957,215.793,2.954,Not Available,Not Available,123.052,0.158,Not Available,123.21,341.957
1975 October,Not Available,127.312,368.786,238.068,3.406,Not Available,Not Available,127.151,0.161,Not Available,127.312,368.786
1975 November,Not Available,123.18,383.196,256.706,3.31,Not Available,Not Available,123.039,0.141,Not Available,123.18,383.196
1975 December,Not Available,127.277,403.696,272.99,3.429,Not Available,Not Available,127.138,0.138,Not Available,127.277,403.696
1976 January,Not Available,145.049,421.775,273.323,3.403,Not Available,Not Available,144.91,0.14,Not Available,145.049,421.775
1976 February,Not Available,135.695,396.173,257.277,3.2,Not Available,Not Available,135.559,0.136,Not Available,135.695,396.173
1976 March,Not Available,145.051,427.044,278.567,3.426,Not Available,Not Available,144.914,0.137,Not Available,145.051,427.044
1976 April,Not Available,140.363,396.931,253.482,3.086,Not Available,Not Available,140.237,0.126,Not Available,140.363,396.931
1976 May,Not Available,145.047,415.728,267.732,2.949,Not Available,Not Available,144.913,0.134,Not Available,145.047,415.728
1976 June,Not Available,140.405,411.555,268.088,3.063,Not Available,Not Available,140.244,0.161,Not Available,140.405,411.555
1976 July,Not Available,145.088,421.425,273.026,3.311,Not Available,Not Available,144.898,0.19,Not Available,145.088,421.425
1976 August,Not Available,145.11,398.129,249.759,3.26,Not Available,Not Available,144.918,0.192,Not Available,145.11,398.129
1976 September,Not Available,140.436,356.984,213.376,3.173,Not Available,Not Available,140.271,0.165,Not Available,140.436,356.984
1976 October,Not Available,145.114,369.186,220.99,3.082,Not Available,Not Available,144.94,0.174,Not Available,145.114,369.186
1976 November,Not Available,140.651,351.386,208.138,2.597,Not Available,Not Available,140.481,0.171,Not Available,140.651,351.386
1976 December,Not Available,145.364,360.834,212.507,2.963,Not Available,Not Available,145.201,0.163,Not Available,145.364,360.834
1977 January,Not Available,156.22,378.521,219.069,3.232,Not Available,Not Available,156.074,0.146,Not Available,156.22,378.521
1977 February,Not Available,141.176,304.328,160.329,2.823,Not Available,Not Available,141.046,0.13,Not Available,141.176,304.328
1977 March,Not Available,156.217,368.966,209.549,3.2,Not Available,Not Available,156.072,0.146,Not Available,156.217,368.966
1977 April,Not Available,151.161,351.301,197.287,2.854,Not Available,Not Available,151.013,0.148,Not Available,151.161,351.301
1977 May,Not Available,156.186,356.923,197.656,3.081,Not Available,Not Available,156.032,0.155,Not Available,156.186,356.923
1977 June,Not Available,151.153,336.485,182.303,3.029,Not Available,Not Available,150.997,0.156,Not Available,151.153,336.485
1977 July,Not Available,155.92,336.903,177.779,3.204,Not Available,Not Available,155.742,0.178,Not Available,155.92,336.903
1977 August,Not Available,156.081,335.881,176.863,2.937,Not Available,Not Available,155.909,0.172,Not Available,156.081,335.881
1977 September,Not Available,151.11,328.075,173.821,3.144,Not Available,Not Available,150.938,0.172,Not Available,151.11,328.075
1977 October,Not Available,156.172,341.368,181.908,3.288,Not Available,Not Available,155.998,0.174,Not Available,156.172,341.368
1977 November,Not Available,151,370.168,215.864,3.303,Not Available,Not Available,150.888,0.112,Not Available,151,370.168
1977 December,Not Available,155.935,400.048,240.826,3.288,Not Available,Not Available,155.816,0.119,Not Available,155.935,400.048
1978 January,Not Available,173.128,438.983,262.529,3.326,Not Available,Not Available,173.005,0.123,Not Available,173.128,438.983
1978 February,Not Available,156.387,391.866,232.625,2.854,Not Available,Not Available,156.277,0.11,Not Available,156.387,391.866
1978 March,Not Available,173.136,433.459,257.965,2.359,Not Available,Not Available,173.026,0.11,Not Available,173.136,433.459
1978 April,Not Available,167.349,434.379,265.041,1.989,Not Available,Not Available,167.244,0.105,Not Available,167.349,434.379
1978 May,Not Available,172.923,475.883,301.188,1.772,Not Available,Not Available,172.806,0.117,Not Available,172.923,475.883
1978 June,Not Available,167.34,432.628,263.109,2.179,Not Available,Not Available,167.239,0.101,Not Available,167.34,432.628
1978 July,Not Available,172.912,431.461,256.107,2.441,Not Available,Not Available,172.825,0.087,Not Available,172.912,431.461
1978 August,Not Available,173.189,408.417,232.357,2.871,Not Available,Not Available,173.009,0.18,Not Available,173.189,408.417
1978 September,Not Available,167.455,392.287,221.801,3.031,Not Available,Not Available,167.32,0.134,Not Available,167.455,392.287
1978 October,Not Available,173.169,379.436,204.012,2.254,Not Available,Not Available,173.027,0.142,Not Available,173.169,379.436
1978 November,Not Available,167.557,379.078,208.974,2.547,Not Available,Not Available,167.438,0.12,Not Available,167.557,379.078
1978 December,Not Available,173.06,407.564,231.275,3.228,Not Available,Not Available,172.935,0.126,Not Available,173.06,407.564
1979 January,Not Available,182.6,447.796,262.096,3.099,Not Available,Not Available,182.453,0.147,Not Available,182.6,447.796
1979 February,Not Available,165.096,390.487,222.855,2.535,Not Available,Not Available,164.927,0.169,Not Available,165.096,390.487
1979 March,Not Available,182.881,457.799,271.516,3.402,Not Available,Not Available,182.64,0.241,Not Available,182.881,457.799
1979 April,Not Available,176.844,445.932,265.941,3.146,Not Available,Not Available,176.707,0.138,Not Available,176.844,445.932
1979 May,Not Available,182.782,489.08,303.134,3.164,Not Available,Not Available,182.561,0.221,Not Available,182.782,489.08
1979 June,Not Available,176.833,441.683,261.646,3.204,Not Available,Not Available,176.662,0.17,Not Available,176.833,441.683
1979 July,Not Available,182.7,424.513,238.414,3.398,Not Available,Not Available,182.536,0.165,Not Available,182.7,424.513
1979 August,Not Available,182.808,409.21,222.695,3.707,Not Available,Not Available,182.638,0.17,Not Available,182.808,409.21
1979 September,Not Available,176.891,378.903,198.794,3.217,Not Available,Not Available,176.766,0.125,Not Available,176.891,378.903
1979 October,Not Available,182.752,397.602,211.243,3.607,Not Available,Not Available,182.63,0.121,Not Available,182.752,397.602
1979 November,Not Available,176.949,414.74,234.286,3.505,Not Available,Not Available,176.767,0.182,Not Available,176.949,414.74
1979 December,Not Available,182.77,425.109,238.063,4.275,Not Available,Not Available,182.568,0.202,Not Available,182.77,425.109
1980 January,Not Available,209.829,478.943,265.618,3.495,Not Available,Not Available,209.613,0.216,Not Available,209.829,478.943
1980 February,Not Available,196.31,424.298,224.631,3.357,Not Available,Not Available,196.117,0.193,Not Available,196.31,424.298
1980 March,Not Available,209.727,469.134,255.676,3.731,Not Available,Not Available,209.598,0.129,Not Available,209.727,469.134
1980 April,Not Available,202.894,477.356,270.552,3.909,Not Available,Not Available,202.768,0.127,Not Available,202.894,477.356
1980 May,Not Available,209.548,517.456,303.305,4.603,Not Available,Not Available,209.394,0.154,Not Available,209.548,517.456
1980 June,Not Available,202.723,497.768,290.604,4.441,Not Available,Not Available,202.609,0.114,Not Available,202.723,497.768
1980 July,Not Available,209.554,471.331,257.106,4.67,Not Available,Not Available,209.449,0.106,Not Available,209.554,471.331
1980 August,Not Available,209.675,429.358,214.693,4.991,Not Available,Not Available,209.544,0.131,Not Available,209.675,429.358
1980 September,Not Available,202.905,401.712,194.301,4.506,Not Available,Not Available,202.79,0.115,Not Available,202.905,401.712
1980 October,Not Available,209.717,402.564,187.73,5.117,Not Available,Not Available,209.602,0.115,Not Available,209.717,402.564
1980 November,Not Available,202.945,409.876,201.929,5.002,Not Available,Not Available,202.831,0.114,Not Available,202.945,409.876
1980 December,Not Available,209.671,448.546,233.998,4.877,Not Available,Not Available,209.546,0.125,Not Available,209.671,448.546
1981 January,1.08,220.544,462.381,236.553,5.284,Not Available,Not Available,211.988,7.476,1.08,220.544,462.381
1981 February,0.976,199.248,427.043,223.123,4.671,Not Available,Not Available,191.528,6.744,0.976,199.248,427.043
1981 March,1.08,220.595,443.808,217.976,5.237,Not Available,Not Available,212.042,7.472,1.08,220.595,443.808
1981 April,1.045,213.467,438.02,219.717,4.836,Not Available,Not Available,205.195,7.226,1.045,213.467,438.02
1981 May,1.08,220.433,480.423,255.2,4.791,Not Available,Not Available,211.883,7.469,1.08,220.433,480.423
1981 June,1.045,213.237,496.995,278.976,4.782,Not Available,Not Available,204.976,7.216,1.045,213.237,496.995
1981 July,1.08,220.392,491.304,265.656,5.256,Not Available,Not Available,211.838,7.473,1.08,220.392,491.304
1981 August,1.08,220.428,454.028,228.409,5.191,Not Available,Not Available,211.846,7.501,1.08,220.428,454.028
1981 September,1.045,213.48,407.22,188.516,5.224,Not Available,Not Available,205.148,7.287,1.045,213.48,407.22
1981 October,1.08,220.581,416.966,191.231,5.153,Not Available,Not Available,212.004,7.497,1.08,220.581,416.966
1981 November,1.045,213.437,418.476,200.541,4.498,Not Available,Not Available,205.166,7.226,1.045,213.437,418.476
1981 December,1.08,220.44,477.024,252.071,4.513,Not Available,Not Available,211.948,7.412,1.08,220.44,477.024
1982 January,2.922,226.251,514.44,284.215,3.975,Not Available,Not Available,213.205,10.124,2.922,226.251,514.44
1982 February,2.639,204.375,489.624,281.593,3.656,Not Available,Not Available,192.598,9.137,2.639,204.375,489.624
1982 March,2.922,226.157,544.724,315.347,3.22,Not Available,Not Available,213.132,10.103,2.922,226.157,544.724
1982 April,2.828,218.821,517.128,295.061,3.247,Not Available,Not Available,206.24,9.753,2.828,218.821,517.128
1982 May,2.922,226.135,525.795,295.887,3.773,Not Available,Not Available,213.101,10.112,2.922,226.135,525.795
1982 June,2.828,218.866,518.974,295.552,4.556,Not Available,Not Available,206.255,9.784,2.828,218.866,518.974
1982 July,2.922,226.202,519.267,288.273,4.792,Not Available,Not Available,213.146,10.135,2.922,226.202,519.267
1982 August,2.922,226.168,483.203,252.259,4.776,Not Available,Not Available,213.158,10.087,2.922,226.168,483.203
1982 September,2.828,218.947,433.748,210.219,4.581,Not Available,Not Available,206.364,9.755,2.828,218.947,433.748
1982 October,2.922,226.373,439.874,208.623,4.877,Not Available,Not Available,213.332,10.119,2.922,226.373,439.874
1982 November,2.828,218.948,469.93,245.861,5.122,Not Available,Not Available,206.347,9.772,2.828,218.948,469.93
1982 December,2.922,226.21,522.93,292.668,4.053,Not Available,Not Available,213.17,10.118,2.922,226.21,522.93
1983 January,5.363,246.575,562.279,310.615,5.087,Not Available,0.002,227.926,13.286,5.363,246.575,562.279
1983 February,4.844,222.738,523.276,296.625,3.913,Not Available,0,205.87,12.023,4.844,222.738,523.276
1983 March,5.363,246.61,572.853,321.73,4.51,Not Available,0.003,227.938,13.309,5.363,246.61,572.853
1983 April,5.19,238.625,561.458,318.603,4.227,Not Available,0.002,220.561,12.875,5.19,238.625,561.458
1983 May,5.363,246.647,581.741,331.656,3.434,Not Available,0.003,227.897,13.387,5.363,246.647,581.741
1983 June,5.19,238.736,569.493,326.237,4.518,Not Available,0.002,220.582,12.964,5.19,238.736,569.493
1983 July,5.363,246.651,550.993,298.715,5.627,Not Available,0.001,227.933,13.354,5.363,246.651,550.993
1983 August,5.363,246.695,528.288,274.189,7.404,Not Available,0,227.978,13.354,5.363,246.695,528.288
1983 September,5.19,238.755,476.173,230.65,6.764,Not Available,0.004,220.641,12.924,5.19,238.755,476.173
1983 October,5.363,246.732,474.251,220.423,7.091,Not Available,0.005,228.031,13.338,5.363,246.732,474.251
1983 November,5.19,238.78,507.035,261.94,6.311,Not Available,0.004,220.719,12.872,5.19,238.78,507.035
1983 December,5.363,246.871,587.773,335.876,5.025,Not Available,0.001,228.194,13.314,5.363,246.871,587.773
1984 January,6.547,251.483,570.081,313.504,5.094,-0.001,0,227.551,17.385,6.547,251.483,570.081
1984 February,6.125,235.169,535.239,293.845,6.222,0.001,0.002,212.673,16.371,6.125,235.169,535.239
1984 March,6.547,251.529,579.04,320.67,6.838,0.002,0.002,227.378,17.603,6.547,251.529,579.04
1984 April,6.336,243.277,566.019,315.985,6.748,0.003,0.006,219.904,17.037,6.336,243.277,566.019
1984 May,6.547,251.408,593.504,335.607,6.473,0.007,0.008,227.242,17.619,6.547,251.408,593.504
1984 June,6.336,243.303,553.321,303.719,6.283,0.01,0.006,219.914,17.053,6.336,243.303,553.321
1984 July,6.547,251.632,547.618,289.982,5.997,0.003,0.005,227.458,17.627,6.547,251.632,547.618
1984 August,6.547,251.638,524.053,264.894,7.509,0.009,0.003,227.481,17.61,6.547,251.638,524.053
1984 September,6.336,243.596,470.91,220.536,6.763,0.01,0.005,220.21,17.049,6.336,243.596,470.91
1984 October,6.547,251.974,479.62,220.205,7.424,0.007,0.009,227.64,17.786,6.547,251.974,479.62
1984 November,6.336,244.068,486.11,234.699,7.331,0.004,0.009,220.555,17.177,6.336,244.068,486.11
1984 December,6.547,252.042,532.347,272.166,8.127,0,0.013,227.811,17.684,6.547,252.042,532.347
1985 January,7.911,256.315,555.205,290.793,8.086,0.005,0.007,228.394,20.009,7.911,256.315,555.205
1985 February,7.146,231.512,511.838,273.175,7.141,-0.001,0.011,206.294,18.072,7.146,231.512,511.838
1985 March,7.911,256.336,525.002,260.344,8.314,0.001,0.007,228.374,20.05,7.911,256.336,525.002
1985 April,7.656,247.599,512.937,258.039,7.281,0.013,0.006,220.463,19.48,7.656,247.599,512.937
1985 May,7.911,255.881,542.968,279.498,7.571,0.015,0.004,227.858,20.111,7.911,255.881,542.968
1985 June,7.656,247.643,507.33,252.373,7.294,0.016,0.004,220.471,19.517,7.656,247.643,507.33
1985 July,7.911,256.159,489.577,225.387,8.019,0.011,0.001,228.091,20.156,7.911,256.159,489.577
1985 August,7.911,256.301,475.912,211.206,8.381,0.021,0.004,228.276,20.113,7.911,256.301,475.912
1985 September,7.656,247.997,454.274,198.288,7.966,0.014,0.009,221.006,19.334,7.656,247.997,454.274
1985 October,7.911,256.175,475.406,211.589,7.626,0.01,0.005,228.287,19.977,7.911,256.175,475.406
1985 November,7.656,248.07,499.606,242.115,9.416,0.003,0.002,220.962,19.452,7.656,248.07,499.606
1985 December,7.911,256.246,533.96,267.386,10.325,0.002,0.001,228.29,20.044,7.911,256.246,533.96
1986 January,9.096,249.178,486.064,226.352,10.526,0.007,0.002,217.84,22.242,9.096,249.178,486.064
1986 February,8.216,224.922,479.122,245.152,9.04,0.006,0.002,196.536,20.171,8.216,224.922,479.122
1986 March,9.096,248.837,558.538,300.28,9.403,0.011,0.007,217.379,22.362,9.096,248.837,558.538
1986 April,8.803,240.788,539.897,290.609,8.479,0.014,0.006,210.372,21.613,8.803,240.788,539.897
1986 May,9.096,248.822,545.072,287.656,8.568,0.019,0.008,217.424,22.302,9.096,248.822,545.072
1986 June,8.803,240.837,527.412,277.26,9.295,0.015,0.005,210.444,21.591,8.803,240.837,527.412
1986 July,9.096,249.011,513.292,254.396,9.862,0.017,0.005,217.598,22.317,9.096,249.011,513.292
1986 August,9.096,249.176,482.847,223.81,9.839,0.017,0.005,217.76,22.32,9.096,249.176,482.847
1986 September,8.803,241.074,472.114,222.779,8.245,0.015,0.001,210.699,21.572,8.803,241.074,472.114
1986 October,9.096,248.974,482.113,225.018,8.105,0.013,0.002,217.574,22.304,9.096,248.974,482.113
1986 November,8.803,241.122,492.321,244.175,7.015,0.009,0,210.647,21.673,8.803,241.122,492.321
1986 December,9.096,249.352,532.346,273.692,9.299,0.003,0,217.863,22.393,9.096,249.352,532.346
1987 January,10.423,244.137,521.265,267.809,9.317,0.001,0.001,209.176,24.537,10.423,244.137,521.265
1987 February,9.415,220.511,452.878,223.722,8.64,0.006,0,188.924,22.172,9.415,220.511,452.878
1987 March,10.423,244.157,498.782,245.143,9.473,0.009,0,209.117,24.616,10.423,244.157,498.782
1987 April,10.087,236.139,477.656,232.573,8.929,0.013,0.002,202.254,23.798,10.087,236.139,477.656
1987 May,10.423,244.007,509.032,255.627,9.382,0.013,0.003,208.99,24.593,10.423,244.007,509.032
1987 June,10.087,236.522,466.873,220.689,9.635,0.017,0.01,202.596,23.839,10.087,236.522,466.873
1987 July,10.423,244.359,467.691,213.34,9.961,0.019,0.013,209.335,24.601,10.423,244.359,467.691
1987 August,10.423,244.396,448.986,194.652,9.923,0.012,0.002,209.365,24.608,10.423,244.396,448.986
1987 September,10.087,236.298,437.201,191.635,9.257,0.008,0.002,202.52,23.691,10.087,236.298,437.201
1987 October,10.423,244.059,442.655,189.215,9.375,0.006,0.001,209.112,24.523,10.423,244.059,442.655
1987 November,10.087,236.197,423.208,177.943,9.064,0.003,0.001,202.462,23.648,10.087,236.197,423.208
1987 December,10.423,244.104,475.58,222.161,9.312,0.002,0.002,209.308,24.373,10.423,244.104,475.58
1988 January,10.508,255.331,495.132,230.477,9.312,0.005,0.007,218.368,26.455,10.508,255.331,495.132
1988 February,9.83,238.853,446.663,199.789,8.013,0.008,0,204.246,24.778,9.83,238.853,446.663
1988 March,10.508,255.385,469.098,204.359,9.341,0.013,0,218.351,26.526,10.508,255.385,469.098
1988 April,10.169,247.241,455.993,200.293,8.454,0.005,0,211.122,25.95,10.169,247.241,455.993
1988 May,10.508,255.188,486.212,222.701,8.31,0.013,0,217.825,26.855,10.508,255.188,486.212
1988 June,10.169,247.34,453.891,197.723,8.815,0.014,0,211.242,25.929,10.169,247.34,453.891
1988 July,10.508,255.582,442.602,177.42,9.589,0.012,0,218.272,26.802,10.508,255.582,442.602
1988 August,10.508,255.815,437.214,172.238,9.149,0.012,0,218.415,26.893,10.508,255.815,437.214
1988 September,10.169,247.357,426.312,170.174,8.772,0.01,0,211.218,25.97,10.169,247.357,426.312
1988 October,10.508,255.517,422.602,158.144,8.939,0.001,0,218.198,26.811,10.508,255.517,422.602
1988 November,10.169,247.096,448.903,192.932,8.874,0.001,0,211.191,25.737,10.169,247.096,448.903
1988 December,10.508,255.345,472.132,208.016,8.77,0.001,0.001,218.215,26.623,10.508,255.345,472.132
1989 January,10.649,266.572,509.146,224.04,14.134,2.881,1.521,231.17,24.753,10.649,266.572,509.146
1989 February,9.618,243.927,461.434,199.31,12.761,3.105,2.331,211.272,23.037,9.618,243.927,461.434
1989 March,10.649,268.315,532.715,242.358,15.001,4.37,2.671,236.6,21.067,10.649,268.315,532.715
1989 April,10.305,251.946,530.096,257.728,13.095,4.844,2.484,218.29,23.351,10.305,251.946,530.096
1989 May,10.649,241.235,562.7,300.24,13.857,5.237,2.131,200.711,29.876,10.649,241.235,562.7
1989 June,10.305,248.447,546.135,277.046,13.664,5.346,1.631,208.439,29.704,10.305,248.447,546.135
1989 July,10.649,261.318,525.097,242.678,13.872,5.747,1.482,217.404,33.265,10.649,261.318,525.097
1989 August,10.649,276.985,513.153,216.086,13.414,5.594,1.075,234.088,32.249,10.649,276.985,513.153
1989 September,10.305,264.811,487.948,202.515,12.52,5.18,2.923,220.479,34.027,10.305,264.811,487.948
1989 October,10.649,276.462,511.059,214.892,13.157,4.716,1.832,230.492,35.321,10.649,276.462,511.059
1989 November,10.305,276.819,521.324,226.777,12.562,3.884,1.281,231.613,34.901,10.305,276.819,521.324
1989 December,10.649,282.52,533.841,233.595,13.504,3.55,0.671,239.066,32.806,10.649,282.52,533.841
1990 January,9.416,236.692,511.271,253.277,15.036,3.132,3.134,193.411,33.865,9.416,236.692,511.271
1990 February,8.505,226.266,508.36,262.555,13.739,3.395,2.405,186.722,31.039,8.505,226.266,508.36
1990 March,9.416,244.248,567.934,301.333,15.116,4.685,2.551,199.565,35.267,9.416,244.248,567.934
1990 April,9.112,232.64,530.429,276.175,12.08,5.16,4.373,190.159,33.369,9.112,232.64,530.429
1990 May,9.416,210.108,525.672,291.917,14.14,5.863,3.644,166.803,33.889,9.416,210.108,525.672
1990 June,9.112,178.544,503.361,300.121,14.647,5.821,4.227,134.939,34.493,9.112,178.544,503.361
1990 July,9.416,219.713,499.494,257.581,14.779,6.182,1.239,176.618,33.679,9.416,219.713,499.494
1990 August,9.416,245.632,497.454,230.354,14.592,6.146,0.729,201.445,34.771,9.416,245.632,497.454
1990 September,9.112,239.932,447.348,187.254,13.746,5.468,0.947,196.099,34.72,9.112,239.932,447.348
1990 October,9.416,235.437,460.198,203.213,14.398,5.037,2.114,190.414,35.607,9.416,235.437,460.198
1990 November,9.112,220.256,459.565,219.084,13.805,4.014,2.405,177.629,33.515,9.112,220.256,459.565
1990 December,9.416,245.644,528.926,263.525,14.668,3.85,1.239,202.362,33.866,9.416,245.644,528.926
1991 January,10.871,269.531,569.476,280.572,15.446,3.279,0.648,221.773,36.887,10.871,269.531,569.476
1991 February,9.819,204.535,465.116,240.524,13.497,3.534,3.026,161.586,33.129,9.819,204.535,465.116
1991 March,10.871,214.374,519.108,282.566,15.382,4.624,2.161,165.815,37.688,10.871,214.374,519.108
1991 April,10.521,190.452,492.911,281.008,13.871,5.095,2.485,142.348,37.583,10.521,190.452,492.911
1991 May,10.871,206.579,540.587,309.826,14.196,6.204,3.782,156.299,39.409,10.871,206.579,540.587
1991 June,10.521,209.721,513.637,280.947,15.048,6.3,1.621,161.835,37.366,10.521,209.721,513.637
1991 July,10.871,210.055,499.533,266.05,15.07,6.738,1.621,163.21,35.974,10.871,210.055,499.533
1991 August,10.871,250.834,512.228,237.525,14.928,6.563,2.377,201.887,38.076,10.871,250.834,512.228
1991 September,10.521,267.735,491.721,201.861,14.03,5.934,2.161,220.843,36.371,10.521,267.735,491.721
1991 October,10.871,249.408,467.134,193.296,14.793,5.207,4.43,204.17,34.366,10.871,249.408,467.134
1991 November,10.521,241.541,467.742,202.13,15.411,4.229,4.43,194.094,36.927,10.521,241.541,467.742
1991 December,10.871,267.033,528.58,239.639,15.954,3.901,2.053,220.221,35.94,10.871,267.033,528.58
1992 January,12.282,279.197,535.605,235.95,15.635,3.272,1.551,225.223,41.692,12.282,279.197,535.605
1992 February,11.489,230.468,449.193,196.021,13.827,3.545,5.333,179.107,39.871,11.489,230.468,449.193
1992 March,12.282,221.177,482.781,237.66,15.679,4.872,3.393,169.584,39.312,12.282,221.177,482.781
1992 April,11.886,210.172,445.952,212.719,14.254,5.511,3.297,162.501,35.785,11.886,210.172,445.952
1992 May,12.282,190.537,455.237,242.426,15.069,6.235,0.97,136.512,41.743,12.282,190.537,455.237
1992 June,11.886,230.985,497.879,244.966,14.876,6.276,0.776,178.938,40.161,11.886,230.985,497.879
1992 July,12.282,250.15,486.975,214.207,15.109,6.733,0.776,196.218,41.651,12.282,250.15,486.975
1992 August,12.282,269.662,491.439,198.457,15.214,6.652,1.454,216.248,41.132,12.282,269.662,491.439
1992 September,11.886,251.511,458.261,183.3,14.18,5.973,3.297,199.5,40.125,11.886,251.511,458.261
1992 October,12.282,269.545,472.678,180.27,14.943,5.399,2.521,219.054,38.209,12.282,269.545,472.678
1992 November,11.886,264.383,498.63,212.065,14.869,4.403,2.909,220.592,31.905,11.886,264.383,498.63
1992 December,12.282,263.891,545.911,259.394,15.043,3.995,3.587,209.993,41.616,12.282,263.891,545.911
1993 January,14.701,274.257,564.642,268.521,15.945,3.369,2.55,212.917,46.639,13.931,273.487,563.872
1993 February,12.587,240.964,477.336,216.725,15.426,3.711,0.51,190.799,37.578,12.979,241.356,477.728
1993 March,14.83,263.204,543.312,253.399,16.137,5.216,5.356,202.466,45.908,15.052,263.426,543.534
1993 April,14.208,226.859,527.475,274.886,15.99,5.915,3.826,176.447,36.205,13.434,226.086,526.702
1993 May,14.454,196.012,537.1,316.469,14.37,6.424,3.826,141.057,40.502,13.452,195.01,536.098
1993 June,13.992,197.445,506.686,287.581,14.436,6.332,0.893,142.881,40.571,13.51,196.963,506.204
1993 July,13.875,212.707,491.682,254.885,15.78,6.907,1.403,159.077,39.755,13.684,212.516,491.492
1993 August,12.088,262.322,502.288,216.292,16.007,6.902,0.765,215.249,34.984,11.273,261.507,501.473
1993 September,13.21,250.551,461.698,188.068,15.439,6.237,1.403,197.49,39.852,13.744,251.085,462.232
1993 October,14.46,257.383,468.759,187.59,15.349,5.503,2.933,203.03,39.893,14.617,257.54,468.915
1993 November,14.96,262.183,482.148,195.571,15.174,4.503,4.718,209.594,37.629,16.607,263.83,483.796
1993 December,15.97,264.559,518.765,231.625,15.621,4.155,2.805,208.767,39.822,16.778,265.367,519.573
1994 January,16.599,306.708,546.054,220.026,15.695,3.625,0,252.903,37.205,17.536,307.644,546.99
1994 February,13.272,244.594,474.596,210.85,14.267,3.848,1.036,194.065,37.257,13.875,245.198,475.199
1994 March,15.795,261.461,530.49,243.412,14.471,5.506,5.639,202.598,43.069,16.083,261.749,530.778
1994 April,13.315,236.035,515.822,254.767,14.76,6.002,4.258,183.168,39.552,13.977,236.697,516.485
1994 May,15.12,202.48,494.545,267.13,14.543,6.594,3.798,141.247,46.113,14.957,202.317,494.382
1994 June,14.26,215.744,497.429,258.029,13.144,6.716,3.798,156.533,44.95,13.657,215.14,496.826
1994 July,14.635,274.451,538.295,241.004,13.897,6.986,1.956,216.33,43.487,14.302,274.118,537.962
1994 August,15.187,251.577,484.331,209.396,15.199,6.778,1.381,193.374,43.016,15.43,251.82,484.574
1994 September,17.765,238.967,433.623,171.008,14.102,6.323,3.222,180.928,40.274,14.752,235.954,430.609
1994 October,16.114,271.599,476.299,180.671,14.475,5.872,3.683,209.489,45.995,17.616,273.101,477.801
1994 November,17.753,261.436,482.929,197.506,14.295,4.629,5.064,198.716,44.967,17.406,261.089,482.582
1994 December,18.576,262.482,512.71,229.658,14.616,4.228,1.726,194.468,49.439,18.801,262.708,512.935
1995 January,18.455,243.462,516.504,256.445,13.067,3.471,0.059,181.661,43.345,17.366,242.373,515.415
1995 February,16.773,206.657,478.621,258.244,9.702,3.777,0.241,151.839,38.045,15.809,205.693,477.657
1995 March,18.162,239.82,550.405,294.609,10.67,5.258,0.047,181.966,39.692,18.363,240.022,550.606
1995 April,17.599,267.571,536.524,253.408,9.352,6.123,0.071,202.143,47.829,17.318,267.29,536.243
1995 May,17.171,227.439,533.619,286.483,8.606,6.877,4.214,174.718,35.551,15.558,225.827,532.006
1995 June,16.388,226.934,560.144,311.683,9.317,7.071,5.14,164.965,45.581,17.411,227.957,561.167
1995 July,15.354,294.251,601.275,283.275,10.066,7.29,6.392,234.038,44.859,14.341,293.238,600.262
1995 August,14.663,301.628,582.28,251.378,16.447,7.199,5.628,240.237,46.729,12.71,299.676,580.328
1995 September,15.073,268.791,499.491,206.52,11.83,6.444,5.907,208.217,45.502,15.114,268.833,499.533
1995 October,15.905,292.175,558.495,238.738,19.182,5.753,2.646,227.438,48.833,18.294,294.565,560.884
1995 November,14.993,267.659,554.286,263.386,17.276,4.674,1.291,203.6,49.066,19.828,272.494,559.121
1995 December,17.201,262.694,585.643,301.139,16.542,4.274,0.994,199.049,46.444,17.684,263.176,586.125
1996 January,16.092,272.584,606.651,317.658,11.3,3.586,1.523,215.337,41.154,17.095,273.586,607.653
1996 February,12.825,226.038,571.303,328.772,11.418,3.918,1.156,169.485,43.729,14.424,227.637,572.902
1996 March,14.13,259.039,627.923,350.334,10.872,5.739,1.939,196.558,48.352,14.816,259.726,628.61
1996 April,12.051,205.729,556.066,329.254,12.137,6.419,2.527,149.671,44.007,12.103,205.781,556.118
1996 May,9.009,231.211,594.903,343.915,8.603,7.124,4.05,176.787,45.415,9.88,232.082,595.774
1996 June,6.717,254.182,607.615,330.103,12.207,7.238,3.885,197.279,50.186,7.258,254.723,608.156
1996 July,7.528,281.656,610.093,298.56,17,7.344,5.533,221.032,53.096,7.434,281.563,610
1996 August,9.052,294.581,594.875,271.592,17.542,6.869,4.291,241.559,43.97,9.132,294.661,594.955
1996 September,9.753,259.345,513.256,228.911,15.298,6.068,3.634,201.147,48.445,9.056,258.648,512.559
1996 October,14.983,310.461,568.742,233.632,16.305,5.728,2.616,241.017,54.461,13.457,308.935,567.216
1996 November,14.166,295.562,561.305,243.572,16.486,4.664,1.021,230.3,51.096,14.073,295.468,561.212
1996 December,14.977,264.912,598.132,313.353,14.191,4.411,1.265,196.854,53.08,14.061,263.996,597.216
1997 January,14.553,275.641,629.797,336.616,12.781,3.529,1.23,219.532,41.556,13.881,274.968,629.124
1997 February,13.867,226.521,563.283,321.859,9.767,4.024,1.112,169.842,42.813,14.02,226.674,563.436
1997 March,15.957,251.136,628.985,357.387,13.424,5.521,1.517,191.206,43.974,15.683,250.862,628.711
1997 April,14.195,252.01,603.774,327.586,14.657,6.213,3.309,189.865,47.949,14.063,251.878,603.642
1997 May,18.01,268.515,642.244,349.12,14.331,6.7,3.579,200.871,49.635,15.981,266.486,640.215
1997 June,13.393,231.69,607.8,351.899,11.918,7.013,5.281,172.743,45.553,12.665,230.961,607.072
1997 July,16.795,259.985,611.211,323.304,15.455,7.264,5.203,195.848,47.342,16.639,259.829,611.055
1997 August,12.415,264.422,566.981,274.788,15.283,7.072,5.416,204.296,47.711,12.495,264.502,567.061
1997 September,15.398,250.744,513.21,238.97,14.604,6.234,2.657,193.213,42.133,14.652,249.998,512.464
1997 October,17.797,305.656,581.27,252.613,14.497,5.7,2.804,239.624,48.235,18.834,306.693,582.307
1997 November,14.924,264.591,526.464,242.156,14.404,4.571,0.742,203.767,45.9,15.167,264.834,526.707
1997 December,19.012,256.998,541.765,264.16,15.576,4.301,0.73,190.185,47.802,19.549,257.536,542.303
1998 January,19.477,278.211,591.523,293.86,15.811,3.464,0.177,218.095,40.639,19.047,277.781,591.093
1998 February,14.054,212.209,534.591,305.87,12.721,3.707,0.083,158.343,39.813,14.668,212.823,535.205
1998 March,15.307,240.963,585.343,323.122,15.674,5.521,0.063,179.494,46.162,16.458,242.115,586.494
1998 April,17.467,240.612,550.082,291.715,10.788,6.09,0.876,178.06,45.084,16.07,239.214,548.684
1998 May,14.75,250.239,606.59,338.499,9.908,6.483,1.461,186.622,48.867,13.976,249.466,605.817
1998 June,16.033,186.089,538.489,329.782,11.755,6.835,4.027,128.7,41.356,15.135,185.191,537.591
1998 July,15.64,246.326,565.996,292.237,14.565,7.286,5.582,184.548,46.139,15.376,246.062,565.732
1998 August,16.269,254.237,537.285,256.055,15.558,7.135,4.299,191.758,46.21,16.221,254.189,537.237
1998 September,17.262,248.27,487.108,212.368,15.259,6.36,4.852,186.479,44.53,16.908,247.917,486.754
1998 October,17.655,267.922,485.975,192.567,16.743,5.697,3.047,202.005,48.262,18.484,268.751,486.804
1998 November,17.794,230.488,456.084,204.15,15.035,4.565,1.847,171.31,41.384,17.35,230.044,455.64
1998 December,20.766,273.362,553.638,256.829,14.633,4.276,4.539,198.747,53.849,21.342,273.938,554.214
1999 January,19.158,272.26,596.136,301.877,15.171,3.381,3.446,210.996,42.105,18.586,271.688,595.564
1999 February,15.417,220.539,533.204,293.419,12.383,3.704,3.159,162.352,42.77,15.313,220.435,533.099
1999 March,17.696,212.177,564.561,328.047,14.471,5.298,4.568,149.912,44.57,16.867,211.349,563.732
1999 April,19.152,249.92,551.652,279.566,12.382,5.967,3.818,183.534,47.234,16.77,247.537,549.27
1999 May,17.388,289.264,610.25,296.517,15.035,6.616,2.818,222.166,49.711,16.077,287.953,608.939
1999 June,14.336,236.09,571.948,312.577,13.986,6.698,2.596,173.903,47.851,15.636,237.39,573.248
1999 July,14.275,264.292,593.678,303.567,14.153,7.003,4.664,203.953,46.064,14.23,264.247,593.633
1999 August,17.11,258.854,547.072,263.077,14.417,6.815,3.909,197.764,43.98,16.624,258.368,546.587
1999 September,17.877,244.14,482.16,213.64,14.426,6.095,3.859,181.899,44.364,16.972,243.235,481.255
1999 October,19.309,228.256,456.714,203.526,14.953,5.698,4.281,164.413,44.534,19.844,228.79,457.248
1999 November,18.101,254.125,492.903,216.417,14.216,4.523,3.622,192.219,43.805,19.651,255.675,494.454
1999 December,20.99,235.215,515.275,255.344,15.328,4.233,5.155,171.056,43.17,22.398,236.623,516.683
2000 January,19.339,222.067,505.148,258.518,14.724,3.257,6.583,160.708,42.021,19.713,222.442,505.523
2000 February,18.258,246.169,499.957,229.354,13.606,3.626,7.201,185.259,42.652,17.294,245.205,498.993
2000 March,19.502,263.209,558.002,272.397,13.848,4.978,3.571,195.714,47.994,19.973,263.681,558.474
2000 April,19.985,254.609,568.521,290.623,14.367,5.555,3.367,187.07,47.555,18.611,253.235,567.147
2000 May,19.973,254.678,558.72,279.719,13.885,6.275,4.163,184.011,50.694,20.077,254.782,558.824
2000 June,17.673,227.712,509.11,256.913,13.563,6.362,4.56,167.726,42.314,16.306,226.346,507.743
2000 July,19.912,255.348,526.258,246.155,13.983,6.897,3.876,191.305,44.131,19.246,254.682,525.592
2000 August,17.661,254.942,503.682,224.228,14.003,6.67,3.84,194.632,42.649,19.402,256.683,505.423
2000 September,18.729,240.331,443.372,181.584,11.971,6.095,3.391,180.764,40.838,18.906,240.508,443.549
2000 October,20.697,270.472,468.212,175.315,12.837,5.391,4.197,206.142,43.633,21.918,271.693,469.432
2000 November,19.9,261.335,482.864,195.459,13.383,4.29,8.396,200.803,40.632,21.464,262.899,484.428
2000 December,21.518,254.788,477.783,200.852,14.194,4.035,3.914,207.582,25.688,22.801,256.071,479.066
2001 January,21.638,228.434,444.968,194.798,14.612,3.102,4.022,175.982,30.814,23.739,230.534,447.068
2001 February,19.67,202.849,404.066,180.547,12.812,3.401,4.456,155.969,27.21,20.084,203.263,404.48
2001 March,21.192,219.649,455.776,211.591,14.206,4.833,5.498,168.14,30.317,21.55,220.006,456.134
2001 April,19.537,213.628,425.361,186.128,13.162,5.368,7.075,163.973,30.118,18.71,212.8,424.534
2001 May,20.222,211.506,435.511,198.142,12.98,6.322,6.562,161.457,29.828,19.576,210.861,434.866
2001 June,20.044,213.95,454.611,214.179,13.088,6.475,6.919,163.772,30.134,16.692,210.598,451.259
2001 July,21.023,221.842,436.061,186.812,14.087,6.759,6.561,169.421,31.398,23.398,224.217,438.436
2001 August,21.283,225.897,447.897,195.436,13.97,6.63,5.964,173.357,31.258,18.938,223.552,445.553
2001 September,21.008,214.229,396.465,157.641,13.617,5.913,5.066,163.666,29.555,20.372,213.593,395.828
2001 October,22.657,227.319,409.914,157.418,13.913,4.994,6.27,174.181,30.481,25.014,229.675,412.271
2001 November,22.961,219.773,401.768,159.262,13.805,4.067,4.861,166.005,30.807,22.206,219.018,401.013
2001 December,23.218,225.088,449.325,199.905,14.208,3.762,6.362,169.916,31.954,22.369,224.239,448.477
2002 January,25.334,228.396,476.54,221.72,15.114,3.056,8.254,169.367,33.695,23.789,226.851,474.995
2002 February,20.747,198.932,428.354,205.41,13.339,3.409,7.263,148.458,29.727,21.185,199.37,428.791
2002 March,24.003,217.568,459.459,213.723,14.682,4.819,8.668,159.644,33.921,21.037,214.601,456.493
2002 April,22.916,212.852,488.506,246.661,13.292,5.28,10.421,158.336,31.601,22.43,212.366,488.02
2002 May,24.238,225.155,527.643,271.24,14.386,5.9,10.963,168.013,32.904,23.838,224.755,527.243
2002 June,22.416,215.107,533.566,287.009,13.659,6.334,11.458,159.326,33.365,21.848,214.539,532.998
2002 July,24.015,235.713,525.24,259.113,14.857,6.499,9.059,176.434,35.264,24.563,236.261,525.788
2002 August,25.418,224.4,469.655,214.487,14.5,6.332,9.936,163.556,35.426,24.98,223.963,469.217
2002 September,26.251,230.855,431.89,173.824,14.109,5.616,7.486,171.211,33.394,25.367,229.971,431.005
2002 October,29.849,243.767,445.448,174.684,14.581,4.945,7.471,180.316,33.603,29.756,243.674,445.355
2002 November,30.001,230.328,455.85,200.714,14.051,4.085,6.673,166.492,33.835,32.207,232.533,458.055
2002 December,32.931,242.334,488.694,220.434,14.594,3.649,7.683,174.133,35.27,32.335,241.737,488.097
2003 January,33.05,237.044,470.086,208.576,15.061,3.003,6.402,169.564,34.431,30.723,234.717,467.759
2003 February,28.469,212.693,437.331,200.271,13.547,3.273,7.547,153.718,30.507,31.894,216.118,440.756
2003 March,32.649,233.288,508.202,245.048,14.607,4.768,10.491,166.337,34.303,30.555,231.195,506.109
2003 April,32.368,228.516,509.634,250.685,14.062,5.307,11.064,162.813,33.334,32.588,228.736,509.854
2003 May,32.625,229.756,557.605,297.627,14.16,5.873,10.19,163.891,33.24,32.694,229.825,557.675
2003 June,32.703,228.254,549.075,289.436,14.633,6.149,10.602,162.635,32.915,31.844,227.395,548.216
2003 July,33.241,242.533,524.607,251.536,14.76,6.124,9.653,174.308,34.984,32.473,241.766,523.839
2003 August,33.6,239.928,501.513,232.592,14.674,6.062,8.256,171.772,34.556,34.451,240.779,502.364
2003 September,34.169,230.968,447.105,187.115,14.437,5.522,9.062,164.17,32.628,32.475,229.274,445.411
2003 October,35.036,236.938,451.917,186.588,14.431,4.876,9.084,169.075,32.827,35.228,237.129,452.108
2003 November,34.893,233.698,460.806,199.617,13.908,3.848,9.735,166.306,32.498,37.877,236.682,463.79
2003 December,38.591,251.16,524.52,243.449,15.164,3.561,11.187,177.447,35.123,40.285,252.855,526.215
2004 January,39.269,255.574,514.25,230.201,15.493,2.972,10.01,183.985,32.32,40.19,256.495,515.171
2004 February,36.894,236.689,474.091,209.471,14.522,3.177,10.232,168.663,31.132,38.748,238.543,475.944
2004 March,39.846,248.532,510.685,229.509,14.954,4.757,12.933,175.736,32.949,39.945,248.63,510.784
2004 April,39.105,247.253,488.74,209.214,14.075,5.229,12.969,175.957,32.191,40.264,248.412,489.899
2004 May,41.089,244.383,522.589,240.581,14.619,5.962,17.044,169.777,33.517,41.67,244.964,523.17
2004 June,39.836,244.075,531.776,252.927,14.709,6.07,13.994,171.743,32.495,42.516,246.754,534.455
2004 July,40.447,257.042,523.85,233.556,15.32,6.27,11.662,183.591,33.003,40.597,257.191,523.999
2004 August,41.803,254.446,502.472,216.265,15.116,6.121,10.524,179.526,33.116,41.745,254.388,502.414
2004 September,40.538,243.019,479.383,205.581,14.345,5.524,10.914,171.017,31.463,41.372,243.852,480.217
2004 October,41.982,253.52,472.88,188.93,15.308,4.817,10.305,179.681,31.857,43.223,254.761,474.121
2004 November,41.609,247.286,484.74,209.705,14.582,3.83,9.337,173.661,32.016,42.508,248.184,485.639
2004 December,43.302,264.199,557.135,262.527,15.104,3.567,11.739,187.914,32.983,45,265.897,558.834
2005 January,45.102,264.707,537.028,242.697,15.391,2.918,11.315,185.551,34.054,46.014,265.619,537.94
2005 February,41.376,247.271,489.386,216.046,13.222,3.183,9.664,175.761,30.134,41.146,247.041,489.156
2005 March,45.51,260.043,524.484,229.338,14.912,4.587,15.605,180.584,33.949,44.966,259.499,523.94
2005 April,43.143,246.929,514.329,230.561,14.648,5.218,16.973,171.578,32.208,42.537,246.323,513.723
2005 May,44.487,255.79,567.452,272.758,15.513,5.929,17.463,176.617,34.686,45.383,256.686,568.348
2005 June,45.082,252.466,559.542,267.803,15.257,6.048,17.967,173.219,34.165,47.73,255.114,562.19
2005 July,48.33,266.332,561.823,259.542,15.596,6.144,14.208,182.702,35.3,49.025,267.028,562.518
2005 August,48.584,266.097,514.641,215.635,15.407,6.122,11.379,182.796,34.718,51.217,268.73,517.274
2005 September,47.316,255.348,464.156,173.619,15.003,5.503,14.682,174.501,33.531,47.804,255.836,464.644
2005 October,50.269,261.121,475.804,180.046,15.341,4.835,14.46,178.567,32.286,51.536,262.388,477.071
2005 November,49.787,256.532,484.892,193.507,14.973,3.785,16.095,173.209,33.536,51.832,258.577,486.937
2005 December,52.284,268.55,527.153,221.389,15.438,3.5,18.276,181.612,34.653,54.823,271.089,529.692
2006 January,54.188,276.647,590.875,272.144,15.313,3.137,23.633,187.674,34.785,52.761,275.22,589.448
2006 February,51.185,247.274,529.22,245.611,13.834,3.437,19.064,164.912,31.177,48.955,245.044,526.99
2006 March,56.829,265.069,553.144,244.251,15.628,4.801,23.395,175.5,32.74,55.374,263.614,551.689
2006 April,52.99,250.384,577.803,283.244,14.216,5.442,24.517,166.537,30.858,54.87,252.265,579.684
2006 May,56.266,261.125,611.325,305.688,13.984,6.139,24.388,171.132,33.727,62.992,267.851,618.051
2006 June,59.32,261.96,598.563,295.163,14.911,6.178,20.351,170.346,32.295,69,271.64,608.243
2006 July,60.456,274.809,568.535,252.333,15.628,6.371,19.392,180.235,34.118,65.85,280.203,573.928
2006 August,63.872,277.063,531.43,215.524,15.902,6.523,16.418,179.396,33.794,69.551,282.741,537.108
2006 September,62.519,267.952,478.059,170.621,15.112,5.734,18.639,173.115,32.318,68.463,273.896,484.003
2006 October,64.739,275.12,489.338,169.17,15.766,5.058,24.223,177.454,32.927,72.077,282.458,496.677
2006 November,64.175,270.475,515.785,201.075,14.993,4.042,25.199,172.741,33.56,70.949,277.249,522.558
2006 December,69.095,283.636,541.992,214.21,15.913,3.716,24.517,180.279,34.262,75.418,289.959,548.315
2007 January,71.627,290.845,592.147,257.426,16.297,3.341,24.239,182.455,36.763,76.469,295.687,596.989
2007 February,66.107,261.666,487.987,183.513,14.248,3.655,24.906,162.893,32.666,69.09,264.65,490.97
2007 March,73.657,285.146,574.741,238.832,15.392,5.253,30.117,174.64,36.85,75.945,287.435,577.029
2007 April,72.575,278.386,566.492,236.135,14.824,5.799,31.349,173.47,32.341,71.828,277.639,565.746
2007 May,78.629,286.01,594.184,257.448,14.904,6.64,29.181,173.553,33.828,77.982,285.363,593.537
2007 June,78.428,281.995,555.726,225.519,15.616,6.695,25.9,170.164,33.402,80.617,284.184,557.915
2007 July,83.124,295.653,562.006,222.17,15.849,7,21.333,178.134,34.395,82.563,295.092,561.445
2007 August,86.362,295.523,542.018,197.092,15.891,6.831,26.681,174.785,34.377,86.584,295.746,542.241
2007 September,84.913,287.603,483.295,145.715,15.414,6.227,28.335,169.547,33.143,83.95,286.64,482.331
2007 October,89.501,299.416,500.575,146.248,15.989,5.548,33.374,174.97,34.945,92.473,302.388,503.546
2007 November,90.469,297.828,503.16,155.001,15.347,4.392,30.591,172.532,34.827,88.647,296.006,501.338
2007 December,94.677,312.007,547.791,181.289,16.003,3.994,34.497,181.632,35.698,96.665,313.995,549.778
2008 January,99.696,331.138,597.527,204.758,15.825,3.698,42.108,195.336,36.106,95.746,327.188,593.576
2008 February,95.947,300.535,542.171,185.146,14.369,4.166,37.955,169.281,35.307,95.403,299.991,541.627
2008 March,108.172,321.487,604.362,213.526,16.239,5.989,47.122,175.228,38.088,100.607,313.922,596.797
2008 April,106.434,314.073,607.164,219.093,15.79,6.718,51.49,171.485,36.154,105.611,313.25,606.341
2008 May,115.872,324.185,668.729,268.237,16.318,7.365,52.623,172.47,35.843,111.983,320.296,664.841
2008 June,110.288,313.335,675.421,287.514,16.206,7.713,50.653,167.713,35.334,108.741,311.788,673.874
2008 July,119.214,330.507,646.204,251.82,16.514,7.864,39.499,173.963,37.33,118.887,330.18,645.877
2008 August,125.23,333.607,599.16,209.193,16.454,7.738,32.167,171.954,36.423,123.463,331.84,597.394
2008 September,120.382,318.84,531.888,159.42,15.944,7.024,30.66,164.058,34.4,121.277,319.736,532.783
2008 October,124.307,330.125,552.094,152.441,16.495,6.164,46.87,169.452,36.366,126.128,331.946,553.915
2008 November,124.69,327.317,551.709,154.392,15.94,4.853,49.207,166.136,36.491,122.252,324.878,549.271
2008 December,123.769,323.102,614.724,205.569,16.339,4.521,65.193,161.91,37.422,127.044,326.377,617.999
2009 January,118.534,318.013,626.304,229.265,17.14,3.806,58.08,162.016,37.463,113.896,313.375,621.666
2009 February,109.634,294.082,544.885,173.845,15.517,4.324,57.117,150.245,34.203,101.386,285.834,536.638
2009 March,119.507,319.016,624.902,213.036,17.252,6.311,69.287,159.161,40.348,117.49,316.999,622.885
2009 April,115.45,303.16,650.887,251.513,16.341,7.085,72.787,151.103,36.607,119.403,307.113,654.84
2009 May,125.507,318.693,692.756,288.502,16.616,7.828,61.117,156.189,36.998,129.748,322.934,696.998
2009 June,126.318,321.411,685.411,285.318,16.212,7.821,54.65,157.916,37.176,128.286,323.378,687.379
2009 July,137.683,343.501,645.243,228.235,16.814,8.333,48.36,167.218,38.599,137.62,343.438,645.18
2009 August,139.431,348.211,617.633,191.105,16.773,8.211,53.333,170.534,38.246,139.782,348.562,617.984
2009 September,134.584,332.045,570.528,169.421,16.289,7.381,45.391,161.387,36.075,132.892,330.354,568.836
2009 October,142.871,346.132,627.844,192.185,16.479,6.547,66.501,165.252,38.01,143.418,346.68,628.391
2009 November,147.495,348.004,642.201,205.035,16.841,5.219,67.102,161.815,38.694,142.409,342.917,637.115
2009 December,152.906,360.349,691.813,241.363,17.912,4.787,67.403,168.174,39.268,147.01,354.453,685.917
2010 January,150.936,368.534,675.983,218.369,17.852,4.357,66.871,178.64,38.958,141.169,358.767,666.216
2010 February,140.823,340.241,614.894,200.874,15.872,4.914,52.993,164.086,35.332,134.997,334.415,609.068
2010 March,156.949,375.556,687.983,203.761,17.801,7.07,83.795,178.682,39.925,147.768,366.376,678.802
2010 April,150.611,360.66,667.29,186.307,16.99,8.071,95.262,170.865,39.183,147.282,357.331,663.961
2010 May,155.303,367.474,724.034,244.673,17.839,9.195,84.853,173.25,38.921,153.715,365.886,722.446
2010 June,151.148,364.066,760.552,291.254,17.219,9.487,78.526,174.184,38.734,153.31,366.228,762.715
2010 July,156.691,376.905,708.899,239.186,17.479,9.731,65.598,180.619,39.595,157.134,377.348,709.342
2010 August,158.933,380.526,669.34,196.283,17.706,9.598,65.227,181.984,39.609,157.381,378.974,667.788
2010 September,154.972,369.092,632.668,168.439,17.11,8.704,69.321,176.661,37.46,151.715,365.835,629.41
2010 October,161.893,378.233,652.669,172.515,16.975,7.446,77.5,177.129,39.211,159.116,375.455,649.891
2010 November,162.58,378.339,687.641,190.842,17.108,6.253,95.098,175.557,40.202,156.084,371.843,681.145
2010 December,167.041,392.379,730.484,226.037,18.027,5.658,88.383,184.557,40.781,161.459,386.798,724.903
2011 January,167.958,393.823,748.89,248.06,18.48,5.45,83.077,187.33,38.536,152.108,377.973,733.04
2011 February,150.317,353.504,712.474,234.459,16.676,6.287,101.547,167.406,35.781,143.369,346.556,705.526
2011 March,169.593,388.24,820.291,302.503,18.388,8.709,102.452,180.136,38.511,158.979,377.626,809.677
2011 April,161.701,367.12,818.033,303.084,17.258,9.882,120.689,169.736,35.683,152.516,357.935,808.848
2011 May,169.175,377.981,838.171,316.615,18.194,11.003,114.378,171.607,37.199,163.012,371.818,832.008
2011 June,166.87,382.972,830.502,312.381,17.02,11.397,106.731,178.047,38.056,166.294,382.397,829.926
2011 July,169.97,392.301,798.294,303.962,17.723,11.549,72.76,182.99,39.34,160.345,382.675,788.668
2011 August,172.894,395.519,748.047,250.319,17.777,11.818,72.613,183.178,39.447,172.394,395.02,747.548
2011 September,165.114,380.343,682.466,207.705,17.127,10.553,66.739,177.499,37.73,158.328,373.556,675.68
2011 October,174.491,390.782,712.653,192.254,17.836,9.517,102.265,176.447,39.843,165.549,381.839,703.711
2011 November,176.489,394.103,741.042,200.932,17.57,7.583,120.853,177.263,40.352,165.573,383.188,730.127
2011 December,184.737,413.369,773.122,230.58,18.261,7.38,103.532,187.316,41.317,174.944,403.577,763.329
2012 January,175.628,397.3,771.487,219.888,17.4,7.174,129.726,183.275,38.397,154.454,376.126,750.313
2012 February,162.715,371.177,693.794,193.017,16.387,8.042,105.171,172.135,36.328,151.024,359.486,682.103
2012 March,170.029,385.841,794.978,246.546,17.608,11.508,133.476,175.935,39.878,162.971,378.783,787.92
2012 April,163.07,367.033,768.564,250.215,17.084,13.291,120.941,166.73,37.232,159.348,363.31,764.841
2012 May,171.377,385.292,810.704,272.562,17.787,15.727,119.336,175.717,38.198,168.682,382.597,808.009
2012 June,163.931,375.839,777.256,253.685,17.361,16.442,113.928,174.902,37.006,164.099,376.007,777.424
2012 July,155.945,377.508,748.335,252.091,17.946,16.844,83.946,182.257,39.306,156.836,378.399,749.225
2012 August,161.078,384.019,717.848,219.192,17.786,16.261,80.59,183.665,39.276,166.443,389.384,723.214
2012 September,150,364.982,648.904,167.517,17.576,15.186,83.642,177.719,37.263,148.908,363.891,647.812
2012 October,152.466,371.939,681.199,157.02,18.027,13.973,120.241,178.707,40.766,158.241,377.714,686.974
2012 November,148.782,366.689,685.216,178.257,18.023,11.399,110.848,177.236,40.671,149.268,367.175,685.703
2012 December,153.866,380.988,767.526,218.713,18.608,11.002,138.215,184.839,42.283,151.961,379.082,765.62
2013 January,150.116,391.914,798.45,236.889,18.578,10.449,140.62,200.367,41.432,149.124,390.922,797.458
2013 February,137.251,354.413,712.392,194.813,16.666,12.205,134.295,180.17,36.992,139.257,356.42,714.398
2013 March,159.161,397.947,779.771,195.918,18.543,17.039,150.325,196.627,42.16,160.999,399.786,781.61
2013 April,159.769,386.585,828.781,239.451,17.376,18.627,166.741,186.046,40.77,161.766,388.583,830.778
2013 May,169.453,404.752,869.72,271.442,17.87,20.722,154.933,193.829,41.47,169.897,405.196,870.164
2013 June,167.146,401.263,833.09,261.271,17.415,21.97,131.171,193.681,40.437,172.553,406.67,838.497
2013 July,170.283,417.736,824.015,260.036,18.148,22.251,105.844,205.49,41.963,170.614,418.067,824.346
2013 August,166.758,412.037,751.569,206.403,18.011,23.201,91.917,203.08,42.198,170.073,415.351,754.883
2013 September,162.24,393.34,706.163,161.826,17.616,21.998,111.382,191.186,39.914,169.992,401.093,713.915
2013 October,177.495,415.341,749.147,164.092,18.402,21.221,130.092,195.869,41.976,182.746,420.591,754.397
2013 November,176.018,414.047,767.984,168.655,16.959,17.543,150.779,195.761,42.268,174.953,412.982,766.918
2013 December,185.25,434.602,805.166,201.585,18.423,17.297,133.26,204.495,44.857,185.201,434.552,805.117
2014 January,169.589,419.691,830.559,205.737,18.279,16.515,170.336,205.178,44.923,162.608,412.71,823.577
2014 February,153.382,380.618,713.529,165.437,16.342,17.91,133.222,186.409,40.827,150.243,377.479,710.39
2014 March,172.687,421.69,865.305,230.685,18.114,26.148,168.668,204.47,44.532,167.349,416.351,859.967
2014 April,169.65,407.152,873.007,241.934,17.711,28.987,177.224,193.603,43.899,167.44,404.942,870.797
2014 May,177.941,417.962,869.866,252.432,18.064,33.04,148.369,196.893,43.127,176.162,416.183,868.088
2014 June,177.292,420.723,868.132,244.824,17.519,34.82,150.247,201.018,42.412,173.169,416.599,864.009
2014 July,183.262,435.656,835.389,231.639,17.942,34.25,115.902,207.4,44.994,179.716,432.11,831.844
2014 August,179.302,430.911,769.015,188.367,18.034,34.982,96.722,208.655,42.954,182.02,433.629,771.733
2014 September,173.21,410.38,723.593,152.867,17.654,33.14,109.553,196.535,40.635,171.97,409.14,722.353
2014 October,179.049,422.717,772.875,163.184,18.185,30.819,137.97,201.202,42.467,179.997,423.665,773.824
2014 November,176.777,417.662,817.397,177.123,18.176,25.012,179.424,199.336,41.549,173.166,414.051,813.787
2014 December,191.27,443.632,835.669,212.347,18.469,21.317,139.904,208.804,43.558,183.006,435.367,827.405
2015 January,177.934,416.755,822.076,224.946,18.085,20.995,141.296,195.676,43.145,163.144,401.965,807.287
2015 February,161.849,376.923,765.278,207.684,16.614,25.004,139.054,176.638,38.436,157.552,372.626,760.981
2015 March,179.665,408.576,830.733,226.274,18.384,34.845,142.655,186.081,42.831,175.549,404.461,826.618
2015 April,172.115,394.932,827.405,209.407,17.077,39.485,166.504,181.164,41.652,170.204,393.021,825.494
2015 May,183.33,412.271,820.437,187.549,18.348,42.436,159.833,186.602,42.339,185.121,414.061,822.227
2015 June,184.164,410.16,785.948,190.239,17.349,43.128,125.073,184.011,41.985,186.184,412.18,787.969
2015 July,187.267,425.403,811.566,195.832,18.036,44.854,127.442,192.528,45.608,188.694,426.83,812.993
2015 August,184.812,422.247,785.42,178.199,17.919,45.162,121.893,193.364,44.071,189.046,426.481,789.654
2015 September,175.497,400.675,736.167,149.981,16.429,38.882,130.201,183.311,41.867,182.449,407.627,743.119
2015 October,183.159,408.976,768.53,154.979,17.722,34.208,152.646,181.274,44.543,183.848,409.665,769.219
2015 November,181.749,409.873,820.719,180.209,17.647,29.576,183.414,182.974,45.15,178.594,406.717,817.563
2015 December,189.898,427.577,876.132,215.88,18.225,27.154,187.297,190.934,46.745,184.62,422.299,870.855
2016 January,185.228,416.503,867.13,236.473,17.675,25.996,170.482,184.195,42.164,171.332,397.691,848.318
2016 February,176.031,396.497,856.816,222.851,16.51,35.041,185.916,173.376,40.467,173.47,387.313,847.633
2016 March,190.242,417.142,933.352,252.863,17.52,43.282,202.545,177.483,43.543,187.08,408.107,924.317
2016 April,174.648,388.198,883.421,238.906,16.366,47.932,192.019,165.964,42.678,173.059,381.701,876.924
2016 May,188.777,411.341,893.576,235.29,17.766,55.174,174.004,173.123,42.94,192.405,408.468,890.702
2016 June,189.35,412.454,850.479,214.523,16.758,56.232,150.513,174.828,40.067,191.748,406.643,844.669
2016 July,195.919,422.327,862.031,198.076,17.484,61.492,162.653,180.841,41.448,200.618,422.908,862.611
2016 August,198.477,429.04,813.749,180.666,17.604,60.982,125.457,182.568,41.958,204.085,428.61,813.319
2016 September,187.216,405.026,780.335,151.106,17.453,55.312,151.438,171.504,39.307,193.608,404.42,779.729
2016 October,193.852,412.494,827.09,160.072,17.871,48.917,187.736,171.823,40.714,194.805,407.342,821.938
2016 November,192.014,415.399,827.287,173.638,17.796,41.301,179.153,175.254,43.322,194.544,413.121,825.008
2016 December,203.194,455.535,932.996,207.976,18.801,37.004,213.679,200.255,44.61,202.068,446.932,924.392
2017 January,195.404,429.95,931.523,257.14,18.313,34.568,191.551,184.072,43.911,177.482,405.465,907.038
2017 February,175.638,389.397,876.908,226.569,16.331,39.401,205.211,169.209,39.121,165.621,373.951,861.462
2017 March,195.997,426.724,1029.521,278.999,18.132,64.409,241.257,181.108,42.665,190.12,413.893,1016.69
2017 April,182.462,398.856,995.244,270.679,17.75,70.208,237.751,171.134,39.42,182.924,393.478,989.866
2017 May,196.188,416.508,1022.029,297.058,17.349,82.084,209.03,175.568,39.374,199.78,414.722,1020.243
2017 June,190.91,413.319,980.37,280.873,16.895,87.309,181.973,177.266,38.465,198.379,414.109,981.159
2017 July,195.189,425.652,908.188,237.678,18.021,81.295,145.542,184.961,39.955,197.739,422.655,905.191
2017 August,202.113,435.86,850.147,196.095,17.921,79.435,120.836,187.133,40.108,202.286,429.527,843.814
2017 September,191.39,407.216,833.366,175.081,17.456,74.195,159.419,171.363,37.08,190.578,399.021,825.171
2017 October,199.73,424.109,897.44,158.887,17.034,68.26,229.149,178.285,39.816,196.303,414.404,887.735
2017 November,202.37,427.124,890.534,183.167,17.536,47.416,215.291,177.115,40.594,193.242,410.951,874.36
2017 December,204.247,442.926,924.926,207.784,18.253,45.697,210.266,187.682,41.972,191.422,421.076,903.076
2018 January,198.445,435.264,984.392,234.696,18.072,48.632,247.728,188.473,42.762,189.977,421.212,970.341
2018 February,182.46,404.063,935.464,236.277,16.896,57.253,220.974,172.946,39.63,164.127,376.702,908.102
2018 March,200.324,432.514,1016.024,238.991,18.179,74.537,251.803,183.69,42.996,190.268,416.954,1000.463