Month,Conventional Hydroelectric Power Consumed by the Electric Power Sector,Geothermal Energy Consumed by the Electric Power Sector,Solar Energy Consumed by the Electric Power Sector,Wind Energy Consumed by the Electric Power Sector,Wood Energy Consumed by the Electric Power Sector,Waste Energy Consumed by the Electric Power Sector,Biomass Energy Consumed by the Electric Power Sector,Total Renewable Energy Consumed by the Electric Power Sector
1973 January,269.536,1.491,Not Available,Not Available,0.054,0.157,0.211,271.238
1973 February,239.271,1.363,Not Available,Not Available,0.157,0.144,0.301,240.935
1973 March,265.57,1.412,Not Available,Not Available,0.186,0.176,0.362,267.345
1973 April,250.09,1.649,Not Available,Not Available,0.066,0.174,0.24,251.979
1973 May,257.577,1.537,Not Available,Not Available,0.048,0.21,0.258,259.372
1973 June,246.76,1.763,Not Available,Not Available,0.039,0.176,0.214,248.737
1973 July,232.91,1.869,Not Available,Not Available,0.04,0.17,0.21,234.989
1973 August,219.412,1.762,Not Available,Not Available,0.157,0.184,0.341,221.516
1973 September,177.407,1.492,Not Available,Not Available,0.207,0.178,0.385,179.284
1973 October,189.189,1.76,Not Available,Not Available,0.193,0.2,0.393,191.343
1973 November,207.617,1.889,Not Available,Not Available,0.095,0.151,0.246,209.752
1973 December,271.335,2.435,Not Available,Not Available,0.113,0.135,0.248,274.019
1974 January,301.368,2.154,Not Available,Not Available,0.111,0.152,0.263,303.785
1974 February,277.084,1.901,Not Available,Not Available,0.039,0.142,0.181,279.165
1974 March,287.51,2.165,Not Available,Not Available,0.036,0.148,0.184,289.858
1974 April,290.666,2.039,Not Available,Not Available,0.108,0.142,0.25,292.955
1974 May,291.698,2.04,Not Available,Not Available,0.116,0.129,0.245,293.983
1974 June,277.778,1.975,Not Available,Not Available,0.1,0.179,0.279,280.032
1974 July,274.105,2.191,Not Available,Not Available,0.005,0.208,0.213,276.508
1974 August,250.667,2.163,Not Available,Not Available,0.031,0.189,0.22,253.05
1974 September,222.885,1.999,Not Available,Not Available,0.121,0.183,0.305,225.189
1974 October,208.685,2.03,Not Available,Not Available,0.018,0.156,0.174,210.889
1974 November,220.347,2.414,Not Available,Not Available,0.019,0.155,0.174,222.935
1974 December,240.585,2.54,Not Available,Not Available,0.011,0.119,0.13,243.256
1975 January,260.269,2.117,Not Available,Not Available,0.008,0.14,0.148,262.534
1975 February,248.556,2.019,Not Available,Not Available,0.011,0.113,0.124,250.698
1975 March,291.057,2.277,Not Available,Not Available,0.006,0.124,0.13,293.464
1975 April,277.053,2.281,Not Available,Not Available,0.002,0.117,0.119,279.453
1975 May,288.385,2.475,Not Available,Not Available,0.009,0.173,0.182,291.043
1975 June,282.448,3.07,Not Available,Not Available,0.028,0.193,0.221,285.739
1975 July,265.577,3.091,Not Available,Not Available,0.004,0.163,0.167,268.835
1975 August,235.302,3.351,Not Available,Not Available,0.016,0.185,0.2,238.854
1975 September,213.525,2.954,Not Available,Not Available,0.032,0.158,0.19,216.669
1975 October,235.581,3.406,Not Available,Not Available,0.03,0.161,0.192,239.178
1975 November,254.21,3.31,Not Available,Not Available,0.019,0.141,0.16,257.68
1975 December,270.322,3.429,Not Available,Not Available,0.018,0.138,0.156,273.907
1976 January,270.423,3.403,Not Available,Not Available,0.022,0.14,0.162,273.988
1976 February,254.351,3.2,Not Available,Not Available,0.019,0.136,0.155,257.706
1976 March,275.535,3.426,Not Available,Not Available,0.026,0.137,0.163,279.124
1976 April,250.37,3.086,Not Available,Not Available,0.023,0.126,0.149,253.605
1976 May,264.678,2.949,Not Available,Not Available,0.025,0.134,0.159,267.787
1976 June,265.163,3.063,Not Available,Not Available,0.03,0.161,0.191,268.417
1976 July,270.36,3.311,Not Available,Not Available,0.01,0.19,0.2,273.871
1976 August,247.319,3.26,Not Available,Not Available,0.031,0.192,0.223,250.802
1976 September,211.278,3.173,Not Available,Not Available,0.057,0.165,0.222,214.672
1976 October,218.257,3.082,Not Available,Not Available,0.052,0.174,0.226,221.566
1976 November,205.425,2.597,Not Available,Not Available,0.267,0.171,0.437,208.459
1976 December,209.733,2.963,Not Available,Not Available,0.313,0.163,0.476,213.173
1977 January,216.008,3.232,Not Available,Not Available,0.368,0.146,0.514,219.754
1977 February,158.089,2.823,Not Available,Not Available,0.408,0.13,0.538,161.45
1977 March,206.621,3.2,Not Available,Not Available,0.365,0.146,0.511,210.332
1977 April,194.53,2.854,Not Available,Not Available,0.329,0.148,0.478,197.861
1977 May,194.894,3.081,Not Available,Not Available,0.325,0.155,0.48,198.455
1977 June,179.756,3.029,Not Available,Not Available,0.314,0.156,0.469,183.254
1977 July,175.295,3.204,Not Available,Not Available,0.036,0.178,0.214,178.713
1977 August,174.392,2.937,Not Available,Not Available,0.203,0.172,0.375,177.703
1977 September,171.392,3.144,Not Available,Not Available,0.255,0.172,0.427,174.963
1977 October,179.367,3.288,Not Available,Not Available,0.292,0.174,0.466,183.12
1977 November,212.848,3.303,Not Available,Not Available,0.205,0.112,0.317,216.468
1977 December,237.461,3.288,Not Available,Not Available,0.11,0.119,0.229,240.977
1978 January,259.708,3.326,Not Available,Not Available,0.245,0.123,0.368,263.402
1978 February,230.125,2.854,Not Available,Not Available,0.236,0.11,0.346,233.325
1978 March,255.192,2.359,Not Available,Not Available,0.266,0.11,0.376,257.927
1978 April,262.192,1.989,Not Available,Not Available,0.057,0.105,0.162,264.343
1978 May,297.951,1.772,Not Available,Not Available,0.047,0.117,0.163,299.886
1978 June,260.281,2.179,Not Available,Not Available,0.052,0.101,0.153,262.614
1978 July,253.355,2.441,Not Available,Not Available,0.065,0.087,0.153,255.949
1978 August,229.86,2.871,Not Available,Not Available,0.249,0.18,0.429,233.16
1978 September,219.417,3.031,Not Available,Not Available,0.134,0.134,0.268,222.716
1978 October,201.82,2.254,Not Available,Not Available,0.267,0.142,0.409,204.483
1978 November,206.728,2.547,Not Available,Not Available,0.251,0.12,0.371,209.645
1978 December,228.79,3.228,Not Available,Not Available,0.175,0.126,0.301,232.319
1979 January,259.047,3.099,Not Available,Not Available,0.126,0.147,0.273,262.42
1979 February,220.263,2.535,Not Available,Not Available,0.245,0.169,0.414,223.212
1979 March,268.358,3.402,Not Available,Not Available,0.313,0.241,0.554,272.314
1979 April,262.847,3.146,Not Available,Not Available,0.261,0.138,0.399,266.392
1979 May,299.607,3.164,Not Available,Not Available,0.234,0.221,0.455,303.227
1979 June,258.603,3.204,Not Available,Not Available,0.217,0.17,0.387,262.194
1979 July,235.641,3.398,Not Available,Not Available,0.209,0.165,0.373,239.413
1979 August,220.104,3.707,Not Available,Not Available,0.311,0.17,0.481,224.293
1979 September,196.482,3.217,Not Available,Not Available,0.321,0.125,0.446,200.145
1979 October,208.786,3.607,Not Available,Not Available,0.303,0.121,0.425,212.818
1979 November,231.561,3.505,Not Available,Not Available,0.322,0.182,0.504,235.569
1979 December,235.293,4.275,Not Available,Not Available,0.241,0.202,0.444,240.012
1980 January,262.589,3.495,Not Available,Not Available,0.321,0.216,0.537,266.621
1980 February,222.071,3.357,Not Available,Not Available,0.327,0.193,0.521,225.948
1980 March,252.762,3.731,Not Available,Not Available,0.305,0.129,0.435,256.928
1980 April,267.469,3.909,Not Available,Not Available,0.227,0.127,0.353,271.732
1980 May,299.848,4.603,Not Available,Not Available,0.102,0.154,0.256,304.707
1980 June,287.292,4.441,Not Available,Not Available,0.068,0.114,0.183,291.915
1980 July,254.182,4.67,Not Available,Not Available,0.156,0.106,0.262,259.115
1980 August,212.24,4.991,Not Available,Not Available,0.252,0.131,0.382,217.614
1980 September,192.086,4.506,Not Available,Not Available,0.249,0.115,0.364,196.957
1980 October,185.59,5.117,Not Available,Not Available,0.31,0.115,0.424,191.132
1980 November,199.627,5.002,Not Available,Not Available,0.29,0.114,0.404,205.034
1980 December,231.548,4.877,Not Available,Not Available,0.254,0.125,0.379,236.803
1981 January,233.504,5.284,Not Available,Not Available,0.254,0.11,0.365,239.153
1981 February,220.547,4.671,Not Available,Not Available,0.284,0.092,0.376,225.595
1981 March,215.044,5.237,Not Available,Not Available,0.308,0.107,0.415,220.696
1981 April,216.614,4.836,Not Available,Not Available,0.291,0.099,0.39,221.84
1981 May,251.721,4.791,Not Available,Not Available,0.149,0.104,0.253,256.765
1981 June,275.643,4.782,Not Available,Not Available,0.072,0.089,0.16,280.585
1981 July,262.714,5.256,Not Available,Not Available,0.104,0.108,0.212,268.182
1981 August,225.941,5.191,Not Available,Not Available,0.112,0.136,0.248,231.381
1981 September,186.288,5.224,Not Available,Not Available,0.244,0.159,0.403,191.915
1981 October,189.078,5.153,Not Available,Not Available,0.27,0.132,0.402,194.633
1981 November,198.225,4.498,Not Available,Not Available,0.262,0.098,0.36,203.083
1981 December,249.605,4.513,Not Available,Not Available,0.214,0.047,0.261,254.379
1982 January,281.166,3.975,Not Available,Not Available,0.197,0.128,0.325,285.465
1982 February,279.017,3.656,Not Available,Not Available,0.204,0.109,0.313,282.985
1982 March,312.415,3.22,Not Available,Not Available,0.124,0.107,0.231,315.865
1982 April,291.958,3.247,Not Available,Not Available,0.103,0.08,0.183,295.388
1982 May,292.408,3.773,Not Available,Not Available,0.093,0.117,0.209,296.39
1982 June,292.219,4.556,Not Available,Not Available,0.118,0.111,0.228,297.003
1982 July,285.33,4.792,Not Available,Not Available,0.137,0.139,0.276,290.398
1982 August,249.792,4.776,Not Available,Not Available,0.15,0.091,0.242,254.809
1982 September,207.991,4.581,Not Available,Not Available,0.227,0.082,0.309,212.881
1982 October,206.47,4.877,Not Available,Not Available,0.324,0.123,0.447,211.794
1982 November,243.545,5.122,Not Available,Not Available,0.21,0.099,0.309,248.976
1982 December,290.202,4.053,Not Available,Not Available,0.161,0.122,0.283,294.538
1983 January,307.547,5.087,Not Available,0.002,0.14,0.097,0.237,312.873
1983 February,294.033,3.913,Not Available,0,0.128,0.111,0.239,298.185
1983 March,318.779,4.51,Not Available,0.003,0.152,0.12,0.272,323.564
1983 April,315.481,4.227,Not Available,0.002,0.122,0.112,0.234,319.944
1983 May,328.156,3.434,Not Available,0.003,0.111,0.198,0.309,331.902
1983 June,322.883,4.518,Not Available,0.002,0.144,0.2,0.344,327.747
1983 July,295.753,5.627,Not Available,0.001,0.147,0.165,0.313,301.694
1983 August,271.706,7.404,Not Available,0,0.191,0.165,0.357,279.467
1983 September,228.407,6.764,Not Available,0.004,0.203,0.161,0.364,235.539
1983 October,218.256,7.091,Not Available,0.005,0.245,0.149,0.394,225.746
1983 November,259.609,6.311,Not Available,0.004,0.28,0.108,0.389,266.313
1983 December,333.394,5.025,Not Available,0.001,0.408,0.125,0.533,338.953
1984 January,310.459,5.094,-0.001,0,0.471,0.143,0.614,316.168
1984 February,291.272,6.222,0.001,0.002,0.244,0.241,0.485,297.983
1984 March,317.741,6.838,0.002,0.002,0.299,0.361,0.66,325.243
1984 April,312.886,6.748,0.003,0.006,0.15,0.351,0.501,320.144
1984 May,332.133,6.473,0.007,0.008,0.163,0.377,0.54,339.161
1984 June,300.39,6.283,0.01,0.006,0.159,0.367,0.526,307.216
1984 July,287.043,5.997,0.003,0.005,0.379,0.384,0.763,293.811
1984 August,262.43,7.509,0.009,0.003,0.402,0.368,0.769,270.72
1984 September,218.311,6.763,0.01,0.005,0.456,0.364,0.819,225.909
1984 October,218.055,7.424,0.007,0.009,0.561,0.544,1.105,226.601
1984 November,232.386,7.331,0.004,0.009,0.8,0.491,1.291,241.021
1984 December,269.703,8.127,0,0.013,0.732,0.442,1.174,279.015
1985 January,287.746,8.086,0.005,0.007,0.863,0.506,1.369,297.212
1985 February,270.6,7.141,-0.001,0.011,0.782,0.456,1.238,278.99
1985 March,257.413,8.314,0.001,0.007,0.842,0.547,1.39,267.126
1985 April,254.938,7.281,0.013,0.006,0.271,0.606,0.877,263.114
1985 May,276.022,7.571,0.015,0.004,0.327,0.608,0.934,284.546
1985 June,249.042,7.294,0.016,0.004,0.279,0.642,0.921,257.277
1985 July,222.446,8.019,0.011,0.001,0.559,0.653,1.212,231.69
1985 August,208.74,8.381,0.021,0.004,0.745,0.61,1.354,218.5
1985 September,196.061,7.966,0.014,0.009,0.814,0.46,1.274,205.325
1985 October,209.438,7.626,0.01,0.005,0.755,0.474,1.229,218.308
1985 November,239.801,9.416,0.003,0.002,0.77,0.578,1.348,250.57
1985 December,264.921,10.325,0.002,0.001,0.758,0.541,1.299,276.549
1986 January,223.306,10.526,0.007,0.002,0.67,0.524,1.194,235.035
1986 February,242.578,9.04,0.006,0.002,0.382,0.555,0.938,252.563
1986 March,297.35,9.403,0.011,0.007,0.209,0.645,0.854,307.624
1986 April,287.509,8.479,0.014,0.006,0.208,0.597,0.805,296.813
1986 May,284.179,8.568,0.019,0.008,0.254,0.585,0.839,293.613
1986 June,273.929,9.295,0.015,0.005,0.279,0.574,0.853,284.098
1986 July,251.456,9.862,0.017,0.005,0.428,0.6,1.028,262.369
1986 August,221.344,9.839,0.017,0.005,0.59,0.603,1.193,232.398
1986 September,220.552,8.245,0.015,0.001,0.535,0.555,1.09,229.903
1986 October,222.866,8.105,0.013,0.002,0.404,0.587,0.991,231.979
1986 November,241.861,7.015,0.009,0,0.483,0.656,1.138,250.023
1986 December,271.228,9.299,0.003,0,0.693,0.676,1.369,281.899
1987 January,264.771,9.317,0.001,0.001,0.669,0.606,1.275,275.365
1987 February,221.154,8.64,0.006,0,0.595,0.557,1.152,230.952
1987 March,242.22,9.473,0.009,0,0.611,0.685,1.296,252.999
1987 April,229.481,8.929,0.013,0.002,0.473,0.639,1.112,239.537
1987 May,252.16,9.382,0.013,0.003,0.483,0.662,1.145,262.704
1987 June,217.367,9.635,0.017,0.01,0.815,0.679,1.495,228.524
1987 July,210.407,9.961,0.019,0.013,0.828,0.67,1.498,221.897
1987 August,192.192,9.923,0.012,0.002,0.858,0.677,1.535,203.665
1987 September,189.414,9.257,0.008,0.002,0.739,0.532,1.271,199.953
1987 October,187.069,9.375,0.006,0.001,0.605,0.592,1.197,197.648
1987 November,175.635,9.064,0.003,0.001,0.682,0.489,1.17,185.873
1987 December,219.703,9.312,0.002,0.002,0.801,0.442,1.243,230.261
1988 January,227.466,9.312,0.005,0.007,0.945,0.393,1.337,238.127
1988 February,197.245,8.013,0.008,0,0.85,0.396,1.246,206.512
1988 March,201.463,9.341,0.013,0,0.927,0.464,1.391,212.209
1988 April,197.229,8.454,0.005,0,0.712,0.728,1.441,207.128
1988 May,219.265,8.31,0.013,0,0.401,0.792,1.194,228.783
1988 June,194.431,8.815,0.014,0,0.833,0.707,1.539,204.8
1988 July,174.513,9.589,0.012,0,0.849,0.74,1.588,185.702
1988 August,169.801,9.149,0.012,0,0.991,0.83,1.821,180.783
1988 September,167.973,8.772,0.01,0,0.808,0.748,1.556,178.311
1988 October,156.018,8.939,0.001,0,0.775,0.749,1.523,166.482
1988 November,190.645,8.874,0.001,0,0.781,0.515,1.296,200.816
1988 December,205.58,8.77,0.001,0.001,0.791,0.56,1.352,215.703
1989 January,221.743,13.344,0.073,1.521,8.805,7.468,16.273,252.952
1989 February,197.267,12.048,0.077,2.331,8.192,7.221,15.413,227.136
1989 March,239.874,14.211,0.199,2.671,9.331,4.888,14.219,271.173
1989 April,255.086,12.33,0.247,2.484,7.995,6.805,14.8,284.947
1989 May,297.162,13.067,0.162,2.131,5.853,11.053,16.906,329.428
1989 June,274.206,12.9,0.226,1.631,7.04,11.25,18.291,307.254
1989 July,240.19,13.082,0.371,1.482,7.471,13.425,20.895,276.021
1989 August,213.871,12.624,0.274,1.075,9.087,12.714,21.801,249.645
1989 September,200.439,11.756,0.328,2.923,8.207,14.276,22.483,237.928
1989 October,212.689,12.367,0.294,1.832,8.739,14.864,23.603,250.785
1989 November,224.453,11.797,0.257,1.281,9.286,14.888,24.174,261.962
1989 December,231.201,12.714,0.107,0.671,9.57,13.104,22.673,267.366
1990 January,250.585,14.17,0.156,3.134,11.446,15.385,26.831,294.876
1990 February,259.764,12.956,0.187,2.405,11.57,14.226,25.796,301.109
1990 March,298.131,14.25,0.265,2.551,12.076,16.412,28.488,343.684
1990 April,273.24,11.242,0.289,4.373,11.383,15.326,26.708,315.851
1990 May,288.815,13.274,0.485,3.644,8.723,15.402,24.125,330.342
1990 June,296.931,13.809,0.395,4.227,5.73,16.148,21.879,337.241
1990 July,254.843,13.913,0.485,1.239,9.727,15.249,24.976,295.457
1990 August,227.906,13.726,0.509,0.729,12.269,16.049,28.317,271.187
1990 September,185.264,12.908,0.326,0.947,11.991,16.315,28.306,227.751
1990 October,201.053,13.531,0.351,2.114,11.139,16.661,27.8,244.849
1990 November,216.756,12.967,0.17,2.405,10.1,15.432,25.532,257.83
1990 December,260.724,13.802,0.201,1.239,12.362,15.386,27.748,303.714
1991 January,277.684,14.512,0.208,0.648,14.208,19.053,33.261,326.313
1991 February,238.049,12.653,0.224,3.026,8.787,17.062,25.849,279.8
1991 March,279.658,14.448,0.063,2.161,8.361,19.679,28.04,324.37
1991 April,278.115,12.967,0.068,2.485,6.198,19.913,26.112,319.747
1991 May,306.637,13.262,0.655,3.782,7.367,21.025,28.391,352.727
1991 June,278.055,14.144,0.701,1.621,8.234,19.743,27.977,322.498
1991 July,263.311,14.135,0.86,1.621,8.089,18.339,26.428,306.356
1991 August,235.08,13.994,0.746,2.377,12.13,19.982,32.113,284.31
1991 September,199.783,13.126,0.628,2.161,14.4,18.966,33.366,249.064
1991 October,191.306,13.859,0.372,4.43,12.369,17.082,29.451,239.418
1991 November,200.049,14.507,0.263,4.43,11.605,19.4,31.005,250.254
1991 December,237.172,15.02,0.136,2.053,14.046,18.313,32.359,286.74
1992 January,233.086,14.635,0.09,1.551,15.027,23.48,38.507,287.869
1992 February,193.641,12.892,0.115,5.333,10.658,22.649,33.307,245.288
1992 March,234.775,14.679,0.146,3.393,9.039,21.607,30.646,283.64
1992 April,210.137,13.287,0.303,3.297,8.574,19.132,27.706,254.729
1992 May,239.483,14.07,0.485,0.97,5.48,23.52,29,284.008
1992 June,241.993,13.909,0.475,0.776,10.343,22.576,32.919,290.071
1992 July,211.607,14.109,0.643,0.776,11.905,23.447,35.353,262.487
1992 August,196.048,14.214,0.625,1.454,14.061,23.039,37.1,249.441
1992 September,181.075,13.213,0.476,3.297,12.556,22.548,35.104,233.164
1992 October,178.082,13.944,0.389,2.521,14.363,20.739,35.102,230.038
1992 November,209.491,13.902,0.293,2.909,14.826,16.08,30.905,257.501
1992 December,256.246,14.044,0.094,3.587,13.388,23.42,36.808,310.779
1993 January,265.678,14.875,0.097,2.55,15.107,27.054,42.161,325.36
1993 February,214.43,14.459,0.183,0.51,13.473,20.934,34.407,263.99
1993 March,250.715,15.067,0.356,5.356,13.921,26.491,40.412,311.906
1993 April,271.975,14.954,0.558,3.826,11.261,19.304,30.566,321.878
1993 May,313.118,13.299,0.51,3.826,6.955,22.328,29.282,360.035
1993 June,284.536,13.4,0.365,0.893,7.453,22.667,30.121,329.314
1993 July,252.186,14.71,0.643,1.403,8.999,21.752,30.751,299.693
1993 August,214.002,14.937,0.703,0.765,15.371,18.079,33.45,263.857
1993 September,186.077,14.404,0.583,1.403,13.648,22.113,35.762,238.228
1993 October,185.604,14.279,0.35,2.933,13.985,21.859,35.844,239.01
1993 November,193.5,14.138,0.276,4.718,15.022,20.402,35.423,248.056
1993 December,229.172,14.551,0.143,2.805,14.636,21.804,36.44,283.111
1994 January,214.849,14.573,0.262,0,18.976,18.742,37.718,267.402
1994 February,205.889,13.255,0.223,1.036,13.404,19.807,33.21,253.612
1994 March,237.684,13.35,0.51,5.639,13.507,23.362,36.869,294.053
1994 April,248.772,13.675,0.496,4.258,11.669,20.932,32.602,299.803
1994 May,260.844,13.422,0.516,3.798,6.837,25.761,32.598,311.178
1994 June,251.957,12.059,0.583,3.798,8.774,25.186,33.959,302.356
1994 July,235.333,12.775,0.548,1.956,15,23.692,38.692,289.305
1994 August,204.469,14.078,0.406,1.381,12.504,23.321,35.825,256.159
1994 September,166.984,13.017,0.512,3.222,11.426,21.502,32.927,216.663
1994 October,176.419,13.354,0.575,3.683,14.256,25.668,39.925,233.956
1994 November,192.858,13.21,0.285,5.064,13.36,25.199,38.559,249.975
1994 December,224.254,13.495,0.104,1.726,12.623,28.382,41.005,280.583
1995 January,251.971,11.87,0.054,0.059,8.871,23.742,32.613,296.566
1995 February,253.739,8.62,0.093,0.241,6.901,20.57,27.471,290.164
1995 March,289.47,9.473,0.182,0.047,8.899,20.852,29.75,328.922
1995 April,248.987,8.193,0.528,0.071,10.976,27.63,38.606,296.385
1995 May,281.486,7.408,0.701,4.214,8.241,17.575,25.815,319.624
1995 June,306.245,8.158,0.839,5.14,7.601,25.851,33.452,353.835
1995 July,278.334,8.868,0.748,6.392,13.625,24.94,38.565,332.908
1995 August,246.993,15.249,0.725,5.628,14.188,26.419,40.607,309.202
1995 September,202.917,10.671,0.539,5.907,11.527,25.788,37.316,257.349
1995 October,234.573,17.985,0.371,2.646,13.026,28.084,41.11,296.686
1995 November,258.791,16.117,0.26,1.291,11.108,28.609,39.717,316.175
1995 December,295.886,15.344,0.084,0.994,10.449,26.193,36.643,348.95
1996 January,312.165,10.012,0.134,1.523,12.562,19.537,32.099,355.934
1996 February,323.087,10.214,0.197,1.156,8.58,22.28,30.86,365.514
1996 March,344.276,9.584,0.612,1.939,10.698,25.047,35.746,392.157
1996 April,323.56,10.892,0.769,2.527,6.329,22.107,28.436,366.183
1996 May,337.968,7.315,0.886,4.05,8.736,22.799,31.535,381.754
1996 June,324.395,10.961,0.944,3.885,11.054,26.838,37.892,378.076
1996 July,293.397,15.713,0.736,5.533,13.128,28.68,41.807,357.187
1996 August,266.896,16.255,0.33,4.291,15.165,21.692,36.857,324.629
1996 September,224.953,14.052,0.104,3.634,11.438,25.505,36.943,279.686
1996 October,229.591,15.018,0.293,2.616,15.111,29.725,44.836,292.354
1996 November,239.36,15.24,0.206,1.021,14.332,27.535,41.866,297.693
1996 December,307.935,12.904,0.179,1.265,10.728,28.668,39.396,361.678
1997 January,331.133,11.397,0.12,1.23,13.415,22.293,35.708,379.588
1997 February,316.617,8.517,0.349,1.112,9.328,24.139,33.467,360.062
1997 March,351.566,12.04,0.459,1.517,10.638,24.127,34.765,400.347
1997 April,322.251,13.317,0.633,3.309,10.768,27.439,38.207,377.717
1997 May,343.434,12.947,0.54,3.579,11.586,28.42,40.006,400.505
1997 June,346.168,10.578,0.798,5.281,9.09,25.622,34.712,397.537
1997 July,318.039,14.071,0.739,5.203,11.093,26.681,37.774,375.826
1997 August,270.312,13.899,0.615,5.416,11.922,26.961,38.882,329.125
1997 September,235.078,13.265,0.345,2.657,11.097,23.028,34.125,285.47
1997 October,248.499,13.113,0.333,2.804,15.385,27.358,42.743,307.491
1997 November,238.212,13.065,0.168,0.742,12.131,25.885,38.016,290.203
1997 December,259.858,14.191,0.121,0.73,10.538,27.03,37.568,312.469
1998 January,288.889,14.299,0.09,0.177,14.913,22.012,36.925,340.38
1998 February,300.697,11.356,0.069,0.083,9.554,22.249,31.803,344.008
1998 March,317.656,14.162,0.509,0.063,11.002,26.22,37.222,369.612
1998 April,286.781,9.325,0.566,0.876,11.088,25.688,36.776,334.324
1998 May,332.773,8.396,0.385,1.461,11.724,28.281,40.005,383.02
1998 June,324.204,10.292,0.682,4.027,6.087,22.847,28.934,368.139
1998 July,287.294,13.053,0.826,5.582,11.514,26.203,37.716,344.471
1998 August,251.724,14.047,0.743,4.299,12.244,26.257,38.501,309.314
1998 September,208.775,13.796,0.529,4.852,11.941,25.266,37.207,265.159
1998 October,189.31,15.231,0.383,3.047,13.283,27.82,41.103,249.073
1998 November,200.697,13.572,0.206,1.847,10.404,22.869,33.273,249.594
1998 December,252.484,13.121,0.138,4.539,12.953,32.077,45.03,315.312
1999 January,297.274,13.532,0.078,3.446,14.064,23.801,37.865,352.195
1999 February,288.945,10.902,0.143,3.159,9.823,25.229,35.052,338.201
1999 March,323.044,12.832,0.392,4.568,7.83,25.741,33.571,374.407
1999 April,275.302,10.796,0.56,3.818,11.503,28.141,39.644,330.12
1999 May,291.995,13.396,0.647,2.818,15.205,29.79,44.994,353.851
1999 June,307.811,12.4,0.676,2.596,10.52,28.627,39.147,362.629
1999 July,298.938,12.514,0.681,4.664,13.346,26.918,40.263,357.059
1999 August,259.065,12.777,0.559,3.909,12.714,25.277,37.991,314.301
1999 September,210.382,12.84,0.389,3.859,11.336,25.881,37.217,264.686
1999 October,200.422,13.314,0.497,4.281,9.31,25.713,35.023,253.537
1999 November,213.117,12.63,0.257,3.622,12.389,25.441,37.83,267.456
1999 December,251.45,13.689,0.183,5.155,9.988,24.639,34.627,305.104
2000 January,254.545,12.979,0.093,6.583,8.373,25.983,34.356,308.555
2000 February,225.83,11.974,0.216,7.201,11.232,26.963,38.195,283.415
2000 March,268.21,12.103,0.279,3.571,11.781,30.73,42.51,326.674
2000 April,286.157,12.679,0.376,3.367,11.174,30.619,41.793,344.372
2000 May,275.42,12.14,0.558,4.163,10.641,32.875,43.517,335.799
2000 June,252.964,11.874,0.594,4.56,9.291,26.454,35.745,305.738
2000 July,242.372,12.238,0.841,3.876,11.352,27.659,39.011,298.338
2000 August,220.782,12.258,0.677,3.84,11.675,26.482,38.157,275.714
2000 September,178.793,10.283,0.629,3.391,10.56,25.282,35.842,228.938
2000 October,172.621,11.092,0.41,4.197,12.796,27.264,40.06,228.379
2000 November,192.456,11.695,0.204,8.396,12.511,25.118,37.629,250.379
2000 December,197.766,12.449,0.156,3.914,12.936,13.004,25.94,240.224
2001 January,192.312,12.703,0.067,4.022,11.569,17.303,28.872,237.976
2001 February,178.054,11.088,0.13,4.456,9.491,15.702,25.193,218.921
2001 March,208.031,12.297,0.325,5.498,10.434,17.563,27.997,254.148
2001 April,183.129,11.315,0.4,7.075,9.402,17.144,26.546,228.466
2001 May,195.037,11.071,0.838,6.562,10.083,17.612,27.695,241.202
2001 June,211.099,11.241,0.942,6.919,11.607,18.076,29.683,259.884
2001 July,184.258,12.178,0.951,6.561,11.414,18.851,30.265,234.213
2001 August,192.12,12.061,0.881,5.964,11.432,18.851,30.283,241.31
2001 September,155.092,11.769,0.67,5.066,10.316,17.445,27.761,200.357
2001 October,155.248,12.004,0.215,6.27,9.952,17.501,27.453,201.19
2001 November,157.179,11.957,0.148,4.861,9.901,16.924,26.825,200.97
2001 December,197.112,12.299,0.042,6.362,10.801,17.764,28.565,244.379
2002 January,218.703,13.098,0.115,8.254,12.587,19.055,31.642,271.812
2002 February,202.562,11.518,0.24,7.263,10.01,16.734,26.744,248.327
2002 March,210.904,12.665,0.452,8.668,13.156,19.016,32.172,264.862
2002 April,243.432,11.34,0.467,10.421,11.337,17.835,29.172,294.833
2002 May,268.313,12.369,0.586,10.963,11.398,18.798,30.196,322.428
2002 June,284.408,11.707,0.972,11.458,11.756,19.518,31.274,339.818
2002 July,256.32,12.841,0.87,9.059,12.874,20.876,33.75,312.839
2002 August,211.658,12.483,0.762,9.936,13.272,20.871,34.143,268.982
2002 September,171.301,12.158,0.535,7.486,13.808,19.492,33.3,224.78
2002 October,171.188,12.564,0.315,7.471,12.703,18.932,31.635,223.174
2002 November,196.152,12.099,0.287,6.673,13.166,18.622,31.788,247
2002 December,215.037,12.578,0.044,7.683,14.125,20.031,34.156,269.497
2003 January,204.917,12.734,0.134,6.402,15.72,19.243,34.963,259.15
2003 February,197.174,11.445,0.181,7.547,13.302,16.838,30.14,246.485
2003 March,241.28,12.28,0.507,10.491,13.67,19.504,33.174,297.732
2003 April,248.187,11.81,0.611,11.064,12.303,18.742,31.045,302.717
2003 May,293.654,11.833,0.688,10.19,11.584,19.294,30.878,347.243
2003 June,285.699,12.381,0.918,10.602,13.106,19.338,32.444,342.044
2003 July,247.783,12.433,0.632,9.653,14.962,20.527,35.489,305.99
2003 August,228.794,12.347,0.628,8.256,15.541,20.156,35.697,285.722
2003 September,183.705,12.185,0.566,9.062,13.801,18.99,32.791,238.31
2003 October,183.192,12.104,0.359,9.084,13.763,18.42,32.183,236.921
2003 November,196.049,11.656,0.142,9.735,14.334,18.566,32.9,250.483
2003 December,238.621,12.837,0.043,11.187,15.201,20.263,35.464,298.153
2004 January,226.868,12.968,0.126,10.01,14.51,18.274,32.784,282.757
2004 February,206.595,12.161,0.109,10.232,13.534,17.648,31.182,260.279
2004 March,226.649,12.43,0.53,12.933,13.953,18.924,32.877,285.419
2004 April,207.031,11.632,0.57,12.969,11.767,18.37,30.137,262.34
2004 May,238.488,12.095,0.819,17.044,12.131,19.257,31.388,299.834
2004 June,250.918,12.267,0.88,13.994,12.305,18.705,31.01,309.07
2004 July,231.496,12.796,0.822,11.662,16.018,18.931,34.948,291.725
2004 August,213.984,12.592,0.73,10.524,14.68,19.079,33.759,271.588
2004 September,202.388,11.903,0.607,10.914,13.522,18.099,31.621,257.433
2004 October,185.94,12.784,0.336,10.305,13.412,18.184,31.596,240.961
2004 November,206.136,12.14,0.154,9.337,13.68,18.438,32.118,259.883
2004 December,258.387,12.58,0.078,11.739,15.679,18.968,34.646,317.43
2005 January,239.198,12.52,0.087,11.315,15.951,18.358,34.309,297.429
2005 February,213.292,10.629,0.131,9.664,15.149,16.133,31.283,264.998
2005 March,226.301,12.041,0.382,15.605,16.045,18.436,34.481,288.81
2005 April,227.689,11.87,0.583,16.973,12.713,17.4,30.113,287.228
2005 May,270.008,12.642,0.811,17.463,14.158,19.122,33.279,334.203
2005 June,264.774,12.479,0.885,17.967,14.99,18.856,33.846,329.952
2005 July,256.595,12.726,0.723,14.208,17.093,19.635,36.728,320.98
2005 August,213.408,12.537,0.758,11.379,17.147,19.229,36.376,274.459
2005 September,171.415,12.225,0.611,14.682,15.546,18.067,33.612,232.545
2005 October,177.795,12.471,0.377,14.46,14.689,17.483,32.171,237.274
2005 November,191.225,12.195,0.128,16.095,15.024,18.711,33.735,253.377
2005 December,218.432,12.568,0.028,18.276,16.468,19.293,35.761,285.065
2006 January,268.478,12.196,0.128,23.633,16.522,20.148,36.67,341.106
2006 February,242.711,11.018,0.194,19.064,15.445,18.061,33.507,306.493
2006 March,242.044,12.511,0.331,23.395,16.013,19.19,35.203,313.484
2006 April,281.313,11.199,0.517,24.517,12.062,17.453,29.514,347.06
2006 May,303.796,10.867,0.702,24.388,13.36,19.226,32.587,372.339
2006 June,293.316,11.895,0.691,20.351,14.836,18.963,33.799,360.053
2006 July,250.122,12.511,0.612,19.392,15.886,20.168,36.055,318.692
2006 August,213.712,12.785,0.823,16.418,16.676,19.917,36.593,280.331
2006 September,168.588,12.096,0.536,18.639,15.295,19.02,34.315,234.173
2006 October,166.377,12.649,0.32,24.223,14.916,18.99,33.906,237.476
2006 November,197.422,11.977,0.156,25.199,14.873,19.698,34.572,269.324
2006 December,211.475,12.796,0.027,24.517,15.93,19.833,35.763,284.577
2007 January,255.535,12.806,0.127,24.239,19.443,19.75,39.193,331.899
2007 February,182.063,11.095,0.19,24.906,14.943,17.279,32.222,250.475
2007 March,236.913,11.902,0.479,30.117,15.013,19.7,34.713,314.124
2007 April,234.195,11.445,0.538,31.349,15.063,18.106,33.17,310.698
2007 May,255.673,11.413,0.832,29.181,13.89,19.854,33.744,330.844
2007 June,224.271,12.238,0.835,25.9,15.078,19.937,35.015,298.259
2007 July,221.274,12.359,0.848,21.333,15.635,20.529,36.164,291.979
2007 August,196.343,12.4,0.743,26.681,15.705,20.615,36.321,272.487
2007 September,144.958,12.036,0.674,28.335,15.312,19.894,35.206,221.208
2007 October,145.256,12.499,0.487,33.374,14.786,20.336,35.122,226.737
2007 November,153.738,11.969,0.24,30.591,15.172,20.546,35.718,232.257
2007 December,179.69,12.512,0.053,34.497,15.915,20.947,36.862,263.614
2008 January,203.101,11.912,0.16,42.108,16.124,20.864,36.988,294.27
2008 February,183.548,10.708,0.353,37.955,14.555,19.972,34.528,267.092
2008 March,211.71,12.325,0.735,47.122,15.212,22.667,37.879,309.771
2008 April,217.284,12.003,0.928,51.49,13.001,21.309,34.31,316.015
2008 May,266.509,12.405,0.973,52.623,12.554,21.248,33.802,366.313
2008 June,286.193,12.419,1.263,50.653,14.196,21.67,35.866,386.395
2008 July,250.573,12.601,1.092,39.499,16.226,22.856,39.082,342.847
2008 August,208.029,12.541,1.037,32.167,16.137,22.29,38.427,292.203
2008 September,158.458,12.157,0.912,30.66,14.923,20.764,35.687,237.874
2008 October,151.473,12.582,0.594,46.87,13.504,21.199,34.703,246.222
2008 November,153.189,12.153,0.284,49.207,15.039,21.284,36.323,251.157
2008 December,203.935,12.426,0.184,65.193,15.875,21.804,37.679,319.417
2009 January,227.569,12.579,0.07,58.08,16.882,20.612,37.494,335.792
2009 February,172.382,11.398,0.297,57.117,15.081,19.326,34.407,275.601
2009 March,211.05,12.691,0.762,69.287,14.479,23.538,38.016,331.806
2009 April,249.564,11.928,0.97,72.787,12.241,21.144,33.386,368.634
2009 May,286.594,12.055,1.078,61.117,12.822,21.556,34.378,395.221
2009 June,283.581,11.798,1.009,54.65,15.194,22.211,37.404,388.443
2009 July,226.851,12.253,1.183,48.36,16.248,23.147,39.395,328.041
2009 August,189.769,12.212,1.135,53.333,16.779,22.641,39.42,295.869
2009 September,168.483,11.876,0.927,45.391,14.498,21.18,35.678,262.355
2009 October,190.828,11.918,0.665,66.501,13.83,21.261,35.092,305.003
2009 November,203.641,12.427,0.394,67.102,14.914,21.912,36.826,320.39
2009 December,239.585,13.351,0.207,67.403,17.077,22.438,39.515,360.06
2010 January,216.655,12.798,0.096,66.859,17.362,21.236,38.597,335.005
2010 February,199.228,11.308,0.32,52.985,16.329,19.742,36.072,299.912
2010 March,201.859,12.747,0.74,83.78,16.444,22.427,38.871,337.997
2010 April,184.374,12.1,1.094,95.246,14.876,21.442,36.319,329.132
2010 May,242.956,12.786,1.492,84.838,14.27,21.71,35.98,378.051
2010 June,289.857,12.328,1.708,78.516,16.205,22.52,38.724,421.135
2010 July,238.097,12.425,1.566,65.589,17.274,22.749,40.023,357.7
2010 August,195.309,12.653,1.518,65.217,17.996,22.693,40.689,315.385
2010 September,167.682,12.22,1.335,69.31,16.067,21.723,37.79,288.337
2010 October,171.33,11.922,0.731,77.484,14.985,21.613,36.598,298.065
2010 November,189.516,12.218,0.745,95.08,16.297,22.713,39.011,336.57
2010 December,224.624,12.974,0.418,88.366,17.49,23.208,40.698,367.08
2011 January,246.653,13.087,0.363,83.044,16.907,20.53,37.437,380.584
2011 February,232.889,11.805,0.786,101.508,15.547,19.283,34.83,381.818
2011 March,300.657,12.995,1.13,102.409,15.293,20.91,36.202,453.394
2011 April,301.271,12.039,1.509,120.639,11.949,19.687,31.636,467.094
2011 May,314.663,12.801,1.755,114.331,13.181,20.526,33.708,477.258
2011 June,310.9,11.801,2.044,106.689,15.634,21.544,37.178,468.612
2011 July,302.878,12.33,1.755,72.731,16.96,22.358,39.318,429.012
2011 August,249.371,12.384,2.115,72.585,17.169,22.252,39.42,375.875
2011 September,206.504,11.907,1.723,66.705,15.493,21.062,36.554,323.394
2011 October,191.012,12.443,1.469,102.204,14.041,21.53,35.571,342.698
2011 November,199.495,12.351,1.001,120.782,13.667,22.022,35.69,369.319
2011 December,228.833,12.868,1.133,103.468,16.318,22.864,39.182,385.485
2012 January,217.246,12.021,0.868,129.649,16.837,21.706,38.543,398.327
2012 February,190.709,11.356,1.229,105.109,16.026,19.89,35.916,344.318
2012 March,244.296,12.229,2.106,133.407,15.607,21.808,37.415,429.454
2012 April,248.495,11.879,2.901,120.872,12.707,20.508,33.216,417.363
2012 May,270.516,12.409,4.236,119.283,14.018,21.806,35.824,442.268
2012 June,252.002,12.157,4.834,113.877,16.377,21.54,37.918,420.787
2012 July,250.764,12.567,4.678,83.91,17.736,22.668,40.404,392.323
2012 August,217.727,12.407,4.234,80.555,17.931,22.54,40.471,355.394
2012 September,165.987,12.371,4.177,83.6,16.49,21.24,37.73,303.865
2012 October,155.169,12.648,3.949,120.171,15.106,22.485,37.591,329.529
2012 November,176.215,12.819,3.189,110.788,15.019,22.542,37.561,340.571
2012 December,216.922,13.23,3.223,138.143,16.338,23.718,40.055,411.573
2013 January,233.765,13.185,2.861,140.533,17.125,21.959,39.084,429.428
2013 February,191.308,11.795,3.977,134.224,15.3,19.411,34.711,376.016
2013 March,192.993,13.15,5.689,150.249,16.977,22.519,39.496,401.576
2013 April,237.022,12.157,6.105,166.665,13.65,20.909,34.558,456.507
2013 May,268.27,12.477,6.905,154.847,15.337,22.111,37.448,479.946
2013 June,258.095,12.196,8.007,131.108,16.785,21.771,38.556,447.962
2013 July,256.931,12.755,7.627,105.792,18.448,22.437,40.885,423.99
2013 August,204.076,12.617,8.716,91.875,19.909,22.51,42.418,359.703
2013 September,159.517,12.397,8.748,111.323,18.036,21.248,39.284,331.269
2013 October,161.796,13.009,9.107,130.012,17.522,21.597,39.12,353.044
2013 November,166.667,11.74,7.62,150.652,18.528,22.031,40.559,377.239
2013 December,198.482,13.029,7.879,133.143,19.81,23.681,43.491,396.024
2014 January,204.561,12.886,6.981,170.178,21.381,23.962,45.343,439.948
2014 February,164.418,11.47,7.74,133.107,19.968,22.166,42.134,358.869
2014 March,229.56,12.721,12.234,168.537,22.136,24.083,46.218,469.271
2014 April,240.693,12.492,13.817,177.088,18.1,23.141,41.241,485.331
2014 May,251.163,12.671,16.263,148.266,17.285,23.791,41.077,469.44
2014 June,243.841,12.3,17.905,150.127,21.855,23.511,45.365,469.538
2014 July,230.76,12.549,16.626,115.798,22.764,24.823,47.587,423.319
2014 August,187.428,12.641,17.486,96.642,22.576,23.863,46.44,360.636
2014 September,152.025,12.435,17.075,109.458,20.837,22.389,43.226,334.219
2014 October,162.274,12.792,15.976,137.821,20.279,22.125,42.403,371.266
2014 November,176.162,12.957,12.847,179.24,21.604,22.023,43.627,424.834
2014 December,211.136,13.076,9.612,139.763,22.468,23.013,45.481,419.069
2015 January,223.787,12.692,10.569,141.148,22.132,22.651,44.782,432.978
2015 February,206.685,11.743,13.6,138.924,20.921,20.486,41.407,412.359
2015 March,225.035,12.991,18.986,142.515,20.609,22.403,43.011,442.538
2015 April,208.098,11.858,21.786,166.348,17.821,21.822,39.644,447.734
2015 May,186.337,12.955,22.888,159.694,18.431,22.969,41.4,423.274
2015 June,189.144,12.13,23.41,124.964,20.611,23.125,43.736,393.383
2015 July,194.729,12.643,24.038,127.349,22.354,25.607,47.961,406.721
2015 August,177.336,12.526,24.596,121.801,22.964,24.774,47.739,383.998
2015 September,149.245,11.209,20.294,130.102,19.935,23.121,43.055,353.906
2015 October,153.887,12.329,17.477,152.492,17.459,23.881,41.34,377.524
2015 November,178.943,12.428,15.857,183.241,19.195,24.738,43.933,434.402
2015 December,214.491,12.832,14.4,187.127,21.426,25.445,46.871,475.722
2016 January,235.083,12.297,13.462,170.302,20.69,23.184,43.874,475.017
2016 February,221.622,11.479,20.315,185.733,20.495,22.337,42.831,481.981
2016 March,251.347,12.142,23.733,202.364,19.47,23.599,43.07,532.655
2016 April,237.584,11.161,26.137,191.85,15.235,23.823,39.058,505.79
2016 May,234.081,12.388,31.158,173.857,15.721,23.916,39.637,491.121
2016 June,213.494,11.553,31.552,150.388,18.136,23.135,41.271,448.258
2016 July,196.98,12.105,35.88,162.53,20.066,23.534,43.601,451.096
2016 August,179.636,12.226,36.082,125.36,21.396,24.062,45.459,398.763
2016 September,150.287,12.248,33.089,151.319,19.065,22.344,41.409,388.351
2016 October,159.061,12.492,29.049,187.575,15.671,21.747,37.418,425.597
2016 November,172.837,12.591,25.198,178.988,17.837,24.077,41.914,431.528
2016 December,206.708,13.422,22.055,213.462,20.625,24.905,45.53,501.177
2017 January,255.792,12.92,19.648,191.398,20.522,24.463,44.985,524.743
2017 February,225.345,11.46,22.795,205.055,18.907,21.705,40.612,505.266
2017 March,277.595,12.739,40.45,241.042,21.962,23.751,45.713,617.539
2017 April,269.3,12.531,43.585,237.552,18.32,21.439,39.759,602.726
2017 May,295.562,11.956,52.601,208.848,19.616,22.217,41.834,610.801
2017 June,279.498,11.676,56.996,181.818,20.872,22.632,43.504,573.492
2017 July,236.374,12.628,50.173,145.422,22.172,23.339,45.511,490.107
2017 August,194.938,12.528,49.246,120.736,22.382,23.321,45.703,423.151
2017 September,174.042,12.236,47.109,159.282,19.238,21.42,40.657,433.328
2017 October,157.831,11.641,44.044,228.945,21.253,22.125,43.378,485.84
2017 November,181.922,12.316,28.484,215.103,20.277,22.271,42.548,480.373
2017 December,206.522,12.86,27.945,210.091,21.449,23.169,44.618,502.036
2018 January,233.442,12.679,29.814,247.523,21.696,23.749,45.445,568.903
2018 February,235.02,12.025,36.87,220.774,19.312,22.444,41.756,546.446
2018 March,237.629,12.786,46.593,251.566,19.892,24.071,43.964,592.537